KPN Close,KPN Trade Volume,10day MA,1 Week momentum,GTO Close,ATC Close,output
2.773,17237738,2.7233,0.045607,83.720001,1.05933,-1
2.693,21724387,2.722,-0.040445,83.029999,1.0749,-1
2.565,67443132,2.7103,-0.113588,83.889999,1.06285,1
2.634,22368951,2.7017,-0.048189,84.07,1.0749,1
2.72,19410001,2.6997,0.021514,86.669998,1.0749,-1
2.717,14468636,2.7017,-0.006884,85.190002,1.08805,-1
2.69,13512027,2.7017,-0.098959,85.080002,1.09528,-1
2.669,13373823,2.6991,-0.104,86.239998,1.09528,-1
2.608,56514422,2.6874,-0.085,85.279999,1.1027,1
2.634,19695054,2.6703,0.069,85.900002,1.1027,-1
2.589,13252721,2.6519,-0.045,85.309998,1.1014,1
2.616,11537088,2.6442,-0.104,85,1.11567,1
2.707,14077345,2.6584,-0.01,84.879997,1.11011,-1
2.67,16940832,2.662,-0.02,82.769997,1.11567,1
2.698,13664940,2.6598,0.029,79.120003,1.10826,1
2.712,12220025,2.6593,0.104,81.059998,1.11048,-1
2.706,16831939,2.6609,0.072,81.400002,1.15644,-1
2.659,10269929,2.6599,0.07,81.870003,1.1531,-1
2.612,13650653,2.6603,-0.004,81.029999,1.162,-1
2.594,16346579,2.6563,-0.113,81.300003,1.16015,-1
2.585,10679011,2.6559,-0.085,81.5,1.16756,-1
2.527,17065166,2.647,-0.171,78.089996,1.1494,1
2.577,16632655,2.634,-0.135,79.150002,1.16756,1
2.587,12543955,2.6257,-0.119,81.239998,1.16422,1
2.64,17965219,2.6199,-0.019,84.580002,1.11567,-1
2.616,13954540,2.6103,0.004,82.010002,1.09751,1
2.63,15393073,2.6027,0.036,79.300003,1.01967,1
2.66,11391249,2.6028,0.075,79.919998,1.04524,1
2.67,13306017,2.6086,0.143,79.830002,1.05636,-1
2.666,13687634,2.6158,0.089,80.910004,1.03524,-1
2.595,21365703,2.6168,0.008,80.230003,1.11196,1
2.637,12840338,2.6278,-0.003,81.449997,1.13049,1
2.69,10584793,2.6391,0.074,81.129997,1.18609,-1
2.683,12292806,2.6487,0.053,80.269997,1.22872,-1
2.65,14390313,2.6497,-0.01,80.919998,1.19721,1
2.663,46217172,2.6544,-0.007,82.730003,1.19795,-1
2.551,28896247,2.6465,-0.115,82.769997,1.15644,-1
2.538,22618838,2.6343,-0.057,83.910004,1.16015,-1
2.511,18833792,2.6184,-0.126,84.660004,1.1746,-1
2.487,20029588,2.6005,-0.203,84.230003,1.19351,1
2.565,19120897,2.5975,-0.118,84.400002,1.17497,-1
2.565,14549112,2.5903,-0.085,84.540001,1.19869,1
2.59,30938601,2.5803,-0.073,86.410004,1.1898,1
2.611,23102727,2.5731,0.06,85.599998,1.18053,-1
2.53,24615364,2.5611,-0.008,85.910004,1.162,-1
2.516,20153208,2.5464,0.005,86.150002,1.11715,-1
2.516,13222615,2.5429,0.029,86.900002,1.2454,-1
2.477,17950556,2.5368,-0.088,85.830002,1.30618,1
2.505,14606047,2.5362,-0.06,85.110001,1.31953,-1
2.485,10420049,2.536,-0.105,84.730003,1.31582,-1
2.435,20628539,2.523,-0.176,83.309998,1.31397,-1
2.416,26416735,2.5081,-0.114,81.480003,1.31656,-1
2.361,21170604,2.4852,-0.155,81.860001,1.31953,1
2.412,15734481,2.4653,-0.104,82.489998,1.31953,1
2.467,19120942,2.459,-0.01,84.589996,1.33917,1
2.496,16752012,2.457,-0.009,85.230003,1.40107,1
2.497,11972709,2.4551,0.012,84.449997,1.48262,1
2.511,17552960,2.4585,0.076,82.300003,1.53451,-1
2.464,18942312,2.4544,0.048,78.959999,1.54822,-1
2.448,11383333,2.4507,0.087,79.43,1.53451,1
2.513,11478121,2.4585,0.101,80.589996,1.52413,1
2.562,19349067,2.4731,0.095,80.699997,1.52672,1
2.637,27256495,2.5007,0.141,79.919998,1.54377,-1
2.61,14646981,2.5205,0.113,80.07,1.55675,-1
2.6,17664326,2.5338,0.089,78.089996,1.60938,-1
2.6,12503187,2.5442,0.136,76.669998,1.63051,-1
2.573,15128206,2.5518,0.125,76.669998,1.60827,1
2.583,10193638,2.559,0.07,77.089996,1.62161,1
2.644,13874864,2.577,0.082,78.900002,1.66424,-1
2.644,11990438,2.5966,0.007,78.230003,1.66479,1
2.664,13061564,2.6117,0.054,78,1.642,-1
2.623,15645570,2.6178,0.023,77.480003,1.67906,1
2.647,16800048,2.6188,0.047,76.720001,1.71594,1
2.669,9711159,2.6247,0.096,77.779999,1.72502,-1
2.653,13498286,2.63,0.07,79.199997,1.77914,-1
2.632,10396561,2.6332,-0.012,77.639999,1.8403,1
2.639,10717711,2.6398,-0.005,77.660004,1.85327,1
2.672,12604991,2.6487,0.008,77.300003,1.89033,1
2.694,5602812,2.6537,0.071,78.410004,1.89886,1
2.729,25796178,2.6622,0.082,80,1.9122,1
2.731,12053184,2.6689,0.062,80.699997,1.89404,-1
2.701,10862435,2.6767,0.048,80.120003,1.91888,1
2.711,19580258,2.6831,0.079,79.650002,1.97559,-1
2.666,14810270,2.6828,0.027,79.459999,2.02006,-1
2.634,11943154,2.6809,-0.038,80.32,2.05342,1
2.637,10649977,2.6814,-0.057,80.900002,2.05713,-1
2.629,17770443,2.6804,-0.1,81.910004,2.05528,1
2.759,39061177,2.6891,0.028,82.160004,2.08233,-1
2.736,13447017,2.6933,0.035,81.959999,2.07566,1
2.759,13738003,2.6963,0.048,83.580002,2.06084,-1
2.736,13742637,2.6968,0.07,82.739998,1.93852,-1
2.723,7331842,2.699,0.089,82.599998,1.93852,1
2.748,12858784,2.7027,0.111,82.540001,1.96447,-1
2.723,15532806,2.7084,0.094,82.5,1.93667,1
2.769,17414413,2.7219,0.01,82.209999,1.94482,-1
2.759,16234667,2.7341,0.023,81.419998,1.94111,-1
2.736,16050260,2.7448,-0.023,80.790001,1.95038,-1
2.718,20345241,2.7407,-0.018,78.470001,1.96521,-1
2.683,8726157,2.7354,-0.04,77.089996,1.96447,-1
2.675,8700727,2.727,-0.073,77.419998,1.89033,1
2.68,12315317,2.7214,-0.043,76.150002,1.88996,-1
2.604,19355685,2.7095,-0.165,75.150002,1.89033,1
2.658,13602912,2.7005,-0.101,75.050003,1.88477,1
2.661,14289915,2.6943,-0.075,75.699997,1.88589,-1
2.638,10669194,2.6812,-0.08,76.410004,1.88292,-1
2.587,46365491,2.664,-0.096,76.279999,1.83974,1
2.594,24406969,2.6498,-0.081,77.050003,1.83103,-1
2.533,14803489,2.6313,-0.147,77.129997,1.82139,-1
2.461,22040334,2.6091,-0.143,75.139999,1.7986,-1
2.417,16694863,2.5833,-0.241,74.739998,1.76098,1
2.453,15521235,2.5606,-0.208,77,1.74207,-1
2.38,22796640,2.5382,-0.258,74.709999,1.72317,-1
2.369,21105660,2.5093,-0.218,73.949997,1.70223,1
2.37,16019469,2.4802,-0.224,74.330002,1.70371,-1
2.316,20717530,2.448,-0.217,74,1.67721,1
2.41,23255178,2.4303,-0.051,74.120003,1.67017,-1
2.391,20248309,2.41,-0.026,73.599998,1.65478,-1
2.372,27473174,2.3939,-0.081,73.720001,1.63755,1
2.398,13898373,2.3876,0.018,73.410004,1.63922,1
2.399,14891807,2.3858,0.03,74.150002,1.64941,-1
2.369,15481034,2.3774,-0.001,74.019997,1.66034,1
2.387,12719499,2.3781,0.071,74.75,1.642,-1
2.36,13644117,2.3772,-0.05,72.650002,1.64422,-1
2.315,16862114,2.3717,-0.076,71.510002,1.60697,-1
2.282,19811570,2.3683,-0.09,73.010002,1.61142,1
2.388,33030027,2.3661,-0.01,72.800003,1.58714,-1
2.384,14952051,2.3654,-0.015,72.959999,1.58844,-1
2.35,14112509,2.3632,-0.019,72.290001,1.56472,1
2.377,13469997,2.3611,-0.01,70.400002,1.54007,1
2.45,19144730,2.3662,0.09,71.300003,1.56564,1
2.488,19482511,2.3781,0.173,70.519997,1.5712,1
2.525,17039024,2.3919,0.243,69.269997,1.59381,-1
2.522,13741237,2.4081,0.134,72.5,1.64978,1
2.536,10953050,2.4302,0.152,73.190002,1.70501,-1
2.478,9989003,2.4498,0.128,72.440002,1.73837,1
2.508,8515535,2.4618,0.131,72.209999,1.70501,-1
2.472,9247950,2.4706,0.022,73.870003,1.66794,-1
2.444,10953094,2.48,-0.044,73.449997,1.67814,1
2.453,5634831,2.4876,-0.072,74.82,1.68648,1
2.483,5895621,2.4909,-0.039,75.349998,1.70871,1
2.494,6668919,2.4915,-0.042,74.879997,1.73114,1
2.513,6379093,2.4903,0.035,75.290001,1.74207,-1
2.494,7055559,2.4875,-0.014,76.410004,1.748,1
2.518,3261598,2.4857,0.046,77.400002,1.76061,-1
2.497,7479778,2.4876,0.053,77.730003,1.76135,1
2.517,8427813,2.4885,0.064,77.639999,1.76302,-1
2.484,6567106,2.4897,0.001,75.769997,1.76617,1
2.525,13406943,2.4978,0.031,74.510002,1.80138,1
2.545,10551869,2.507,0.032,74.349998,1.76394,-1
2.545,10075322,2.5132,0.051,74.050003,1.74207,1
2.567,10169615,2.5205,0.049,73.980003,1.73744,1
2.581,10726326,2.5273,0.084,73.830002,1.73837,-1
2.557,12824053,2.5336,0.04,73.110001,1.72873,1
2.561,6568396,2.5379,0.077,73.160004,1.7013,-1
2.561,10539093,2.5443,0.036,72.75,1.67498,-1
2.527,11599174,2.5453,-0.018,73.559998,1.66053,1
2.531,5727464,2.55,-0.014,73.419998,1.6457,-1
2.501,5620843,2.5476,-0.066,74.239998,1.67739,-1
2.445,7598179,2.5376,-0.136,73.230003,1.67165,1
2.455,10413613,2.5286,-0.102,72.25,1.64941,1
2.478,10565932,2.5197,-0.083,71.919998,1.65497,-1
2.462,9499757,2.5078,-0.099,71.989998,1.64607,1
2.497,17574382,2.5018,-0.03,71.25,1.59974,-1
2.495,7533509,2.4952,-0.036,70.940002,1.58547,-1
2.44,8599538,2.4831,-0.061,71.32,1.5675,-1
2.429,11228123,2.4733,-0.016,71.879997,1.56638,1
2.43,11618198,2.4632,-0.025,73.510002,1.56305,1
2.485,13118234,2.4616,0.007,72.779999,1.54007,1
2.521,10780304,2.4692,0.059,72.599998,1.55934,1
2.537,11049673,2.4774,0.04,72.68,1.55415,-1
2.49,10638293,2.4786,-0.005,71.910004,1.53173,-1
2.415,11942568,2.4739,-0.025,70.669998,1.5119,1
2.485,15720404,2.4727,0.056,70.660004,1.54785,1
2.509,8719350,2.4741,0.079,70.139999,1.54748,-1
2.472,7542675,2.4773,-0.013,69.449997,1.59956,-1
2.402,15417809,2.4746,-0.119,67.800003,1.57639,-1
2.384,13721638,2.47,-0.153,67.879997,1.58269,-1
2.347,15112215,2.4562,-0.143,67.18,1.62346,-1
2.293,12383257,2.4334,-0.122,66.550003,1.60845,1
2.334,16688455,2.4131,-0.151,66.690002,1.65478,-1
2.236,23936945,2.3877,-0.273,66,1.63866,-1
2.179,31555957,2.3641,-0.293,66.43,1.60697,1
2.23,21490537,2.3386,-0.172,59.139999,1.63829,1
2.268,16097756,2.3145,-0.116,59.169998,1.6079,1
2.319,17743160,2.2992,-0.028,60.849998,1.63254,-1
2.283,14632838,2.2873,-0.01,63.049999,1.66201,1
2.314,13848928,2.2803,-0.02,60.240002,1.67739,1
2.392,21599153,2.2848,0.156,60,1.66794,1
2.395,15907735,2.295,0.216,58.740002,1.70501,1
2.506,27021517,2.3122,0.276,57.560001,1.75134,1
2.548,26564413,2.3434,0.28,58.279999,1.76246,1
2.592,21208081,2.3847,0.273,60.689999,1.77673,1
2.617,26358983,2.4234,0.334,61.009998,1.84178,-1
2.603,16051601,2.4569,0.289,61.290001,1.81917,-1
2.55,14797833,2.48,0.158,60.5,1.87514,1
2.595,15079280,2.5112,0.2,62.360001,1.85883,-1
2.553,14626369,2.5351,0.047,62.16,1.88663,1
2.564,9707456,2.5523,0.016,61.259998,1.87328,-1
2.553,10549800,2.5681,-0.039,61.68,1.87254,1
2.6,21784842,2.5775,-0.017,62.360001,1.83288,-1
2.591,17865084,2.5818,-0.012,61.259998,1.81639,1
2.595,20290675,2.5821,0.045,61.709999,1.80879,-1
2.586,11709353,2.579,-0.009,64.849998,1.79508,1
2.632,10237017,2.5819,0.079,65.300003,1.77562,1
2.681,14462851,2.595,0.117,65.699997,1.71464,1
2.689,17948621,2.6044,0.136,65.379997,1.72725,-1
2.678,12850003,2.6169,0.078,66.139999,1.74041,1
2.688,19086369,2.6293,0.097,65.790001,1.8162,-1
2.586,22653842,2.6326,-0.009,65.870003,1.79081,1
2.623,20646420,2.6349,0.037,67.059998,1.87736,1
2.648,13707958,2.6406,0.016,68.650002,1.94593,1
2.706,12347782,2.6517,0.025,67.580002,1.97188,-1
2.67,16760210,2.6601,-0.019,68.32,2.00524,-1
2.641,11382893,2.661,-0.037,68.279999,2.16499,1
2.654,13511545,2.6583,-0.034,68.540001,2.18093,-1
2.65,9702578,2.6544,0.064,66.470001,2.20947,-1
2.624,14154339,2.649,0.001,65.529999,2.21354,1
2.656,13966891,2.6458,0.008,66.010002,2.27915,-1
2.625,10563477,2.6497,-0.081,64.949997,2.23356,-1
2.575,14838934,2.6449,-0.095,65.120003,2.23912,-1
2.564,15323211,2.6365,-0.077,63.860001,2.24246,-1
2.559,8724832,2.6218,-0.095,64.389999,2.22985,-1
2.489,14550675,2.6037,-0.161,62.889999,2.2154,-1
2.481,14746175,2.5877,-0.143,61.509998,2.14979,1
2.531,19461842,2.5754,-0.125,64.709999,2.12941,-1
2.508,11527922,2.5612,-0.117,63.529999,2.11866,1
2.612,20054926,2.56,0.037,66.419998,2.20539,1
2.63,25304117,2.5574,0.066,66.370003,2.18686,1
2.648,10330696,2.5597,0.089,66.940002,2.2988,1
2.657,6724776,2.5679,0.168,68.410004,2.31992,-1
2.642,1394192,2.5757,0.161,67.949997,2.31659,-1
2.638,4933167,2.5836,0.107,68.110001,2.34846,-1
2.613,5831279,2.596,0.105,68.089996,2.38516,1
2.628,1654595,2.6107,0.016,67.93,2.41889,-1
2.587,7426023,2.6163,-0.043,68.18,2.41222,-1
2.519,14117404,2.6174,-0.129,67.220001,2.34883,1
2.523,15392012,2.6085,-0.134,66.400002,2.26655,1
2.528,10042479,2.5983,-0.114,65.760002,2.27915,1
2.57,13077506,2.5905,-0.068,68.139999,2.26099,-1
2.54,12458585,2.5788,-0.073,67.040001,2.2836,-1
2.53,12524817,2.5676,-0.098,68.239998,2.29212,-1
2.524,15341519,2.5562,-0.063,66.32,2.36959,-1
2.475,15936010,2.5424,-0.044,65.059998,2.39924,1
2.485,16185919,2.5281,-0.038,66.089996,2.38886,1
2.579,39558331,2.5273,0.051,65.949997,2.42445,1
2.644,14674247,2.5398,0.074,65.080002,2.43705,1
2.671,12475294,2.5546,0.131,64.900002,2.45484,1
2.683,18378473,2.5701,0.153,64.870003,2.40925,1
2.709,19025664,2.584,0.185,63.110001,2.41629,1
2.765,28842151,2.6065,0.29,62.119999,2.58716,-1
2.71,15691699,2.6245,0.225,62.509998,2.65314,-1
2.703,10310318,2.6424,0.124,62.630001,2.66574,-1
2.687,11194131,2.6636,0.043,63.43,2.68168,1
2.75,16686031,2.6901,0.079,63.950001,2.71022,-1
2.747,24365672,2.7069,0.064,64.419998,2.74655,1
2.756,16227747,2.7181,0.047,63.139999,2.66723,1
2.795,24632255,2.7305,0.03,65.440002,2.80029,1
2.847,45786072,2.7469,0.137,66.160004,2.8911,-1
2.831,21190210,2.7591,0.128,65.559998,2.93706,1
2.849,20870277,2.7675,0.162,65.400002,2.94596,-1
2.844,14860055,2.7809,0.094,65.400002,2.8759,1
2.978,31600818,2.8084,0.231,65.459999,2.8848,1
3.024,25512796,2.8421,0.268,67.050003,2.953,-1
3.019,26607638,2.869,0.224,69.010002,2.93261,1
3.072,26772643,2.9015,0.225,70.730003,2.8911,1
3.078,10322476,2.9337,0.247,70.660004,2.97005,-1
3.069,18446607,2.9611,0.22,70.510002,2.97783,-1
3.02,31735986,2.9784,0.176,71.699997,3.06605,1
3.038,12434303,2.9991,0.06,72.620003,3.10608,-1
3.007,16648406,3.0149,-0.017,69.93,3.09385,-1
2.991,13675108,3.0296,-0.028,69.529999,3.11349,-1
2.99,12093313,3.0308,-0.082,69.410004,3.11757,1
3.038,12952518,3.0322,-0.04,71.349998,3.15056,1
3.039,9185892,3.0342,-0.03,72.470001,3.25249,1
3.052,14919255,3.0322,0.032,72.540001,3.30253,1
3.073,11597461,3.0317,0.035,72.489998,3.41224,-1
3.036,11018051,3.0284,0.029,72.449997,3.36739,1
3.09,23135408,3.0354,0.099,72.199997,3.46821,-1
3.077,11302064,3.0393,0.087,70.339996,3.52455,-1
3.067,17498358,3.0453,0.029,70.800003,3.59127,-1
3.056,14051606,3.0518,0.017,71.080002,3.42632,-1
3.01,13156613,3.0538,-0.042,69.779999,3.45116,1
3.084,11187251,3.0584,0.011,70.610001,3.70394,-1
3.078,8196341,3.0623,0.042,72.849998,3.75287,-1
3.068,7963325,3.0639,-0.022,73.940002,3.81773,-1
3.05,10330962,3.0616,-0.027,74.309998,3.87333,-1
3.028,15835804,3.0608,-0.039,75.199997,3.81773,-1
3.011,10519382,3.0529,-0.045,75.620003,3.85851,-1
3.003,10347870,3.0455,-0.007,76.370003,3.84553,1
3.046,16617215,3.0434,-0.038,76.519997,3.81959,1
3.057,6077601,3.0435,-0.021,75.940002,3.68986,1
3.119,13075457,3.0544,0.051,76.040001,3.63055,1
3.181,22117515,3.0641,0.131,74.120003,3.60238,1
3.227,20792168,3.079,0.199,73.900002,3.64946,1
3.265,27373730,3.0987,0.254,73.18,3.6628,1
3.282,15239905,3.1219,0.279,75.550003,3.7399,-1
3.159,25079905,3.135,0.113,74.169998,3.73804,1
3.241,21462466,3.158,0.184,75.75,3.7436,1
3.33,21082783,3.1907,0.211,75.620003,3.81773,1
3.345,15336610,3.2206,0.164,77,3.86407,-1
3.288,13600618,3.2437,0.061,76.510002,3.87519,1
3.329,10663450,3.2647,0.064,77.400002,3.95858,1
3.354,13172834,3.282,0.072,78.269997,4.02715,1
3.423,15051348,3.3016,0.264,78.620003,4.00306,-1
3.385,14800740,3.3136,0.144,79.419998,3.98082,-1
3.365,15303525,3.3219,0.035,80.059998,3.92152,-1
3.273,17351108,3.3333,-0.072,81.339996,3.84739,-1
3.169,19171120,3.3261,-0.119,80.400002,3.73063,1
3.268,19627003,3.3199,-0.061,80.690002,3.71951,1
3.3,10053435,3.3154,-0.054,81.580002,3.81218,-1
3.295,10006656,3.3161,-0.128,83.160004,3.72692,-1
3.265,13144323,3.3097,-0.12,82.559998,3.71395,1
3.433,25477813,3.3176,0.068,82.629997,3.7399,1
3.448,15505034,3.3201,0.175,83.82,3.80847,-1
3.361,19969982,3.3177,0.192,82.57,3.62462,-1
3.264,19265544,3.3076,-0.004,81.199997,3.42225,1
3.309,22857615,3.3112,0.009,83.099998,3.49823,1
3.404,16528763,3.3347,0.109,83.75,3.59052,-1
3.368,15412848,3.3447,0.103,83.190002,3.53381,-1
3.312,17452887,3.3459,-0.121,80.089996,3.50416,1
3.344,17569444,3.3508,-0.104,79.709999,3.4949,1
3.4,13740888,3.3643,0.039,81.040001,3.45894,1
3.412,6959456,3.3622,0.148,80.93,3.56643,-1
3.343,9916610,3.3517,0.034,80.220001,3.88631,-1
3.322,12347334,3.3478,-0.082,80.040001,4.15318,1
3.332,7127265,3.3546,-0.036,80.949997,4.15318,1
3.396,14289869,3.3633,0.084,80.989998,4.24028,1
3.408,8264598,3.3637,0.064,81.699997,4.21804,1
3.486,15028328,3.3755,0.086,82.050003,4.28476,-1
3.401,42812200,3.3844,-0.011,82.010002,4.78143,-1
3.399,16755206,3.3899,0.056,82.519997,4.7592,1
3.411,15873730,3.391,0.089,82.019997,4.85927,-1
3.356,5451626,3.3854,0.024,82.050003,4.86298,-1
3.327,11373050,3.3838,-0.069,81.279999,4.54422,1
3.38,14018190,3.3896,-0.028,82.089996,4.54051,-1
3.362,10918562,3.3926,-0.124,81.870003,4.52568,-1
3.304,12389056,3.3834,-0.097,79.639999,4.39225,-1
3.268,10474212,3.3694,-0.131,80.019997,4.52754,-1
3.253,11777875,3.3461,-0.158,80.419998,4.35518,-1
3.251,19901841,3.3311,-0.105,80.760002,4.24399,1
3.368,35680419,3.328,0.041,80.290001,4.22916,-1
3.347,18408229,3.3216,-0.033,79.190002,4.16986,-1
3.307,11459466,3.3167,-0.055,79.330002,4.14576,-1
3.253,13151311,3.3093,-0.051,78.099998,4.14947,1
3.318,14933036,3.3031,0.05,79.290001,4.21063,-1
3.313,10809891,3.2982,0.06,80.230003,4.35889,-1
3.313,10241282,3.2991,0.062,80.220001,4.38113,-1
3.239,12023687,3.2962,-0.129,79.410004,4.37001,-1
3.185,20872822,3.2894,-0.162,79.690002,4.28847,-1
3.182,11528836,3.2825,-0.125,80.050003,4.21433,1
3.212,13013886,3.2669,-0.041,81.669998,4.24955,-1
3.203,12227268,3.2525,-0.115,82.190002,4.26623,1
3.368,19875686,3.2586,0.055,84.029999,4.80553,1
3.417,17241126,3.275,0.104,83.800003,4.8185,-1
3.378,11037003,3.281,0.139,83.68,4.58684,1
3.437,22621071,3.2934,0.252,83.970001,4.86113,1
3.486,17260475,3.3107,0.304,84.870003,4.91672,-1
3.437,25839291,3.3305,0.225,82.010002,4.65727,-1
3.43,23262700,3.355,0.227,79.879997,4.57943,-1
3.4,19564688,3.3768,0.032,82.059998,4.68136,-1
3.357,13964091,3.3913,-0.06,80.089996,4.62761,1
3.373,11758339,3.4083,-0.005,78.68,4.5924,-1
3.28,14746025,3.3995,-0.157,78.470001,4.61093,-1
3.195,12569964,3.3773,-0.291,77.860001,4.3348,1
3.232,12739052,3.3627,-0.205,78.269997,4.18098,1
3.301,8109383,3.3491,-0.129,79.260002,4.25325,1
3.415,15213416,3.342,0.015,80.730003,4.3385,1
3.475,13107409,3.3458,0.118,82.239998,4.42561,1
3.524,14534334,3.3552,0.151,82.120003,4.48306,1
3.558,15517607,3.371,0.278,83.129997,4.53124,-1
3.548,17091360,3.3901,0.353,78.949997,4.67951,1
3.593,17642513,3.4121,0.361,79.809998,4.77958,-1
3.555,14757414,3.4396,0.254,79.349998,4.72028,-1
3.543,10987369,3.4744,0.128,78.900002,4.67024,-1
3.541,9507143,3.5053,0.066,78.589996,4.6758,1
3.568,11000923,3.532,0.044,79.300003,4.60352,-1
3.539,11550091,3.5444,-0.019,79.010002,4.36816,-1
3.456,11507330,3.5425,-0.092,77.580002,4.24213,1
3.471,9110586,3.5372,-0.122,78.419998,4.24769,1
3.598,24902979,3.5412,0.043,77.650002,4.4219,1
3.615,19624692,3.5479,0.072,79.010002,4.24399,-1
3.6,17540487,3.5486,0.059,78.190002,4.26252,1
3.63,17581143,3.5561,0.062,78.260002,4.29032,-1
3.616,14354645,3.5634,0.077,78.529999,4.35333,1
3.64,14851496,3.5733,0.184,78.5,4.48306,-1
3.624,9090129,3.5789,0.153,78.589996,4.34221,-1
3.582,8237813,3.5832,-0.016,78.129997,4.37557,1
3.62,8134851,3.5996,0.005,78.769997,4.20087,-1
3.606,7980860,3.6131,0.006,78.25,4.2876,-1
3.573,13754671,3.6106,-0.057,76.029999,3.98812,-1
3.551,10083419,3.6042,-0.065,77.160004,3.92437,-1
3.539,7393560,3.5981,-0.101,77.110001,3.92067,-1
3.513,9706318,3.5864,-0.111,76.360001,3.85469,1
3.57,7370661,3.5818,-0.012,76.610001,3.96811,-1
3.529,5997797,3.5707,-0.091,75.690002,4.0111,-1
3.406,11893318,3.5489,-0.2,74.290001,3.77686,-1
3.315,17416609,3.5222,-0.258,72.43,3.62415,-1
3.158,39975177,3.476,-0.393,71.129997,3.47219,1
3.306,21775672,3.446,-0.233,73.620003,3.77686,1
3.312,17124696,3.4199,-0.201,73.849998,3.52111,1
3.445,17505149,3.4093,-0.125,64.790001,3.76426,1
3.45,12254042,3.4004,-0.079,62.82,3.76796,1
3.472,10303795,3.3963,0.066,64.199997,3.76944,-1
3.382,14993893,3.3775,0.067,63.57,3.51222,1
3.423,11994047,3.3669,0.265,61.599998,3.49369,1
3.529,12023648,3.3792,0.223,62.279999,3.57967,-1
3.497,15423146,3.3974,0.185,60.580002,3.47219,1
3.504,8171705,3.432,0.059,59.389999,3.51815,1
3.522,8559039,3.4536,0.072,59.470001,3.49146,-1
3.508,16245645,3.4732,0.036,60.02,3.59376,-1
3.303,69482886,3.459,-0.079,59.939999,3.53816,-1
3.255,22785631,3.4395,-0.168,59.34,3.40992,1
3.257,15196731,3.418,-0.272,57.73,3.36544,-1
3.257,15101562,3.4055,-0.24,58.450001,3.55076,1
3.315,18511040,3.3947,-0.189,58.450001,3.60784,-1
3.311,14509629,3.3729,-0.211,59.450001,3.63231,-1
3.311,30706500,3.3543,-0.197,59.919998,3.56188,1
3.391,21733194,3.343,0.088,59.34,3.53594,-1
3.314,22848589,3.3222,0.059,59.799999,3.35803,1
3.34,15247279,3.3054,0.083,59.130001,3.17345,-1
3.299,16776133,3.305,0.042,57.650002,3.16455,1
3.43,19737283,3.3225,0.115,58.080002,3.2839,-1
3.338,13657344,3.3306,0.027,56.59,3.10525,-1
3.27,15982212,3.3319,-0.041,56.959999,2.80577,1
3.344,13284973,3.3348,-0.047,58.009998,2.77612,-1
3.2,20642831,3.3237,-0.114,56.959999,2.51741,1
3.212,17578951,3.3138,-0.128,57.02,2.52779,1
3.3,15255737,3.3047,0.001,58.759998,2.61897,1
3.339,14244777,3.3072,-0.091,59.720001,2.77241,-1
3.236,19395423,3.2968,-0.102,59.639999,2.93698,-1
3.197,24059131,3.2866,-0.073,60.349998,2.94069,-1
3.17,19722999,3.2606,-0.174,60.360001,3.00814,1
3.213,11966414,3.2481,0.013,60.220001,2.91326,-1
3.148,22836845,3.2359,-0.064,59.849998,2.93476,-1
3.056,20000767,3.2071,-0.244,60.529999,2.92808,-1
3.055,22976044,3.1926,-0.284,60.689999,2.95403,1
3.155,20277316,3.1869,-0.081,60.400002,2.92586,1
3.194,12775690,3.1763,-0.003,62.220001,2.92364,1
3.219,17588562,3.1643,0.049,61.380001,2.89843,-1
3.198,18034622,3.1605,-0.015,61.560001,2.67605,1
3.315,20687735,3.1723,0.167,62.060001,2.62267,1
3.393,21913841,3.1946,0.337,63.209999,2.6501,1
3.405,17016708,3.2138,0.35,63.07,2.66937,-1
3.309,29454084,3.2299,0.154,61.25,2.71015,-1
3.255,18504368,3.2498,0.061,61.259998,2.44625,1
3.278,19000118,3.2721,0.059,57,2.3951,1
3.34,18685856,3.2906,0.142,57.049999,2.33505,1
3.346,13799788,3.3058,0.031,58.869999,2.43365,-1
3.336,10235389,3.3175,-0.057,59.029999,2.52927,-1
3.308,10285471,3.3285,-0.097,59.889999,2.44625,-1
3.284,8601277,3.3254,-0.025,59.799999,2.36471,-1
3.247,12506742,3.3108,-0.008,60.529999,2.35581,-1
3.18,13078063,3.2883,-0.098,60.369999,2.37064,1
3.28,23872015,3.2854,-0.06,59.369999,2.36471,1
3.427,29762654,3.3026,0.081,60.279999,2.42994,-1
3.38,19404528,3.3128,0.044,60.139999,2.33654,1
3.437,18045757,3.3225,0.129,58.509998,2.26463,1
3.487,13860149,3.3366,0.203,57.720001,2.17938,1
3.566,15529281,3.3596,0.319,58.5,2.21793,-1
3.534,9270594,3.3822,0.354,58.509998,2.16159,1
3.568,8442019,3.4106,0.288,57.799999,2.08079,-1
3.561,10648985,3.442,0.134,57.41,1.99406,-1
3.509,8402749,3.4749,0.129,57.66,2.11637,-1
3.493,8803385,3.4962,0.056,56.849998,1.91845,1
3.52,10167517,3.5055,0.033,58.27,1.92957,1
3.575,9667571,3.525,0.009,58.599998,2.0756,1
3.599,8890570,3.5412,0.065,59.669998,2.1527,1
3.601,17178864,3.5526,0.033,59.720001,2.15566,-1
3.582,10891323,3.5542,0.021,60.060001,2.11563,-1
3.55,8730258,3.5558,0.041,59.799999,2.01852,-1
3.467,15334937,3.5457,-0.026,58.09,1.9014,-1
3.439,11867784,3.5335,-0.081,57.23,1.84062,1
3.459,8068197,3.5285,-0.116,57.23,1.7865,-1
3.396,10708789,3.5188,-0.203,55.889999,1.83469,1
3.416,19232445,3.5084,-0.185,55.889999,1.73684,-1
3.38,10158566,3.4889,-0.202,55.09,1.64417,-1
3.37,13436688,3.466,-0.18,54.34,1.57005,-1
3.317,13614903,3.4376,-0.15,52.849998,1.48257,1
3.43,10898206,3.4224,-0.009,53.150002,1.60489,1
3.441,7777834,3.4115,-0.018,53.040001,1.81615,1
3.479,9860220,3.4127,0.083,53.43,1.93402,-1
3.383,17740695,3.4071,-0.033,53.599998,1.8206,-1
3.31,7813594,3.3922,-0.07,53.450001,1.79391,-1
3.297,11440091,3.3823,-0.073,54.290001,1.79984,1
3.405,7174917,3.3812,0.088,55.810001,1.91993,1
3.428,1384335,3.386,-0.002,56.02,1.90659,1
3.455,5120336,3.3945,0.014,55.529999,1.87916,1
3.509,5560052,3.4137,0.03,55.830002,1.88287,-1
3.507,5475766,3.4214,0.124,55.950001,1.91104,-1
3.419,11882610,3.4192,0.109,53.75,1.914,1
3.439,11526413,3.4152,0.142,53.849998,2.09265,1
3.445,10927970,3.4214,0.04,52.27,2.13935,-1
3.409,10437849,3.4313,-0.019,51.400002,2.15789,-1
3.34,11456883,3.4356,-0.115,50.580002,2.1097,-1
3.333,9340476,3.4284,-0.176,50.709999,2.10007,1
3.447,14514575,3.4303,-0.06,55.150002,2.12453,-1
3.395,12678449,3.4243,-0.024,57.759998,2.06226,-1
3.303,21051866,3.4037,-0.136,56.639999,1.91993,-1
3.274,16066418,3.3804,-0.171,55.060001,1.91326,-1
3.218,11070427,3.3603,-0.191,54.439999,1.88361,1
3.251,10434040,3.3415,-0.089,56.419998,1.90807,-1
3.185,16731631,3.3155,-0.148,55.959999,1.77093,1
3.235,14716555,3.2981,-0.212,57.66,1.85248,1
3.378,12089187,3.3019,-0.017,59.130001,1.85322,1
3.39,10556912,3.3076,0.087,58.25,1.83098,1
3.46,18216744,3.3089,0.186,56.610001,1.85322,1
3.493,13418300,3.3187,0.275,55.869999,1.89621,-1
3.448,15985163,3.3332,0.197,54.830002,1.79836,1
3.559,15774936,3.3617,0.374,55.360001,1.96293,-1
3.513,14296472,3.3912,0.278,54.82,2.03483,-1
3.446,22554728,3.4107,0.068,55.110001,2.05336,-1
3.404,26335477,3.4326,0.014,54.830002,1.98887,1
3.453,23587352,3.4544,-0.007,55.049999,2.05114,-1
3.447,23052265,3.4613,-0.046,54.740002,1.92512,-1
3.335,25746474,3.4558,-0.113,52.630001,1.75389,-1
3.275,22941373,3.4373,-0.284,52.860001,1.66567,1
3.285,17200260,3.4165,-0.228,52.900002,1.69681,-1
3.261,20219333,3.3978,-0.185,50.5,1.67679,1
3.267,20616563,3.3686,-0.137,51.259998,1.68569,1
3.327,10209579,3.35,-0.126,52.830002,1.83617,1
3.342,14788046,3.3396,-0.105,53.419998,1.87027,1
3.391,14160008,3.3383,0.056,54.880001,1.97998,1
3.418,10683848,3.3348,0.143,56,1.9229,-1
3.393,9060259,3.3294,0.108,56.27,1.8332,1
3.464,8899559,3.3423,0.203,57.25,1.96441,-1
3.429,7387995,3.3577,0.162,57.75,1.95922,-1
3.321,11992077,3.3613,-0.006,56.290001,1.84136,1
3.385,17693818,3.3737,0.043,55.07,1.92735,-1
3.33,16232941,3.38,-0.061,57,1.96441,1
3.409,13579508,3.3882,-0.009,58.57,1.96441,1
3.528,14350930,3.4068,0.135,58.82,2.11267,-1
3.461,10360115,3.4138,-0.003,58.939999,2.11489,-1
3.413,8870742,3.4133,-0.016,59.09,2.08895,1
3.424,10484656,3.4164,0.103,64.480003,2.06078,1
3.446,16439945,3.4146,0.061,65,2.02075,-1
3.395,15324827,3.4112,0.065,64.839996,2.02445,1
3.423,11568744,3.4214,0.014,65.410004,2.07412,1
3.427,16243772,3.4256,-0.101,65.459999,2.15196,1
3.514,13616219,3.444,0.053,65.309998,2.36248,1
3.575,13501998,3.4606,0.162,64.010002,2.37953,1
3.586,13784856,3.4664,0.162,63.27,2.31726,1
3.638,16049152,3.4841,0.192,63.919998,2.41956,1
3.659,17323146,3.5087,0.264,63.580002,2.49962,-1
3.639,15025467,3.5302,0.216,63.990002,2.49591,1
3.651,7766374,3.5507,0.224,63,2.50555,1
3.664,11451312,3.5776,0.15,63.330002,2.47812,-1
3.655,11394904,3.6008,0.08,64.510002,2.39213,-1
3.573,9100410,3.6154,-0.013,63.18,2.34395,1
3.645,12397334,3.6285,0.007,63.959999,2.36619,1
3.687,9508352,3.6397,0.028,65.449997,2.36767,-1
3.683,10329632,3.6494,0.044,64.970001,2.32171,-1
3.638,10863413,3.6494,-0.013,63.650002,2.27501,1
3.66,10665333,3.6495,-0.004,63.459999,2.00741,-1
3.545,12694877,3.6401,-0.11,60.130001,2.0252,1
3.603,7919283,3.6353,0.03,61.32,2.01259,-1
3.566,7612591,3.6255,-0.079,60.490002,2.04595,-1
3.465,18536658,3.6065,-0.222,60.470001,2.07041,1
3.482,11783651,3.5974,-0.201,58.650002,2.10377,1
3.525,11184823,3.5854,-0.113,58.48,2.08079,-1
3.448,21902672,3.5615,-0.212,60.189999,2.08302,1
3.45,13107882,3.5382,-0.095,58.91,2.12156,1
3.485,15110206,3.5229,-0.118,57.669998,2.12008,1
3.54,12302820,3.5109,-0.026,57.759998,2.11563,1
3.563,10193442,3.5127,0.098,59,2.11341,-1
3.537,10495973,3.5061,0.055,58.150002,2.11267,-1
3.452,13885291,3.4947,-0.073,58.240002,2.06004,-1
3.433,8326907,3.4915,-0.015,58.009998,2.01778,-1
3.388,12805297,3.4821,-0.062,58.5,2.01482,-1
3.38,10679175,3.4676,-0.105,58.200001,2.03409,1
3.399,6973838,3.4627,-0.141,58.860001,2.01778,-1
3.35,10550656,3.4527,-0.213,59.880001,1.99406,1
3.435,20685644,3.4477,-0.102,56.799999,1.96441,-1
3.414,7630638,3.4351,-0.038,57.169998,1.96219,1
3.45,13050078,3.4238,0.017,55.91,1.94884,-1
3.393,11587141,3.4094,0.005,55.439999,1.91771,1
3.408,8313335,3.405,0.028,55.529999,1.9481,-1
3.36,12233857,3.3977,-0.039,55.509998,1.92735,1
3.409,7968380,3.3998,0.059,56.150002,1.91993,1
3.464,8835912,3.4082,0.029,57.23,1.96738,1
3.473,7359154,3.4156,0.059,57.240002,2.03632,-1
3.47,6584567,3.4276,0.02,53.049999,2.08153,1
3.5,9124509,3.4341,0.107,55.139999,2.07931,-1
3.483,6915875,3.441,0.075,54.299999,2.11341,-1
3.483,8975869,3.4443,0.123,54.240002,2.1312,1
3.485,7405362,3.4535,0.076,53.830002,2.1401,-1
3.458,8982251,3.4585,-0.006,53.34,2.09784,1
3.508,7532074,3.4733,0.035,54.119999,2.17938,-1
3.472,9947356,3.4796,0.002,54.07,2.21052,1
3.481,9157563,3.4813,-0.019,54.66,2.21422,1
3.496,8821683,3.4836,0.013,55.5,2.23127,1
3.571,9370116,3.4937,0.088,55.919998,2.28316,1
3.602,8732652,3.5039,0.117,55.900002,2.27946,-1
3.569,4854306,3.5125,0.111,55.509998,2.29651,-1
3.567,22490562,3.5209,0.059,54.93,2.29651,1
3.569,7997306,3.5293,0.097,54.919998,2.27575,-1
3.56,5513903,3.5395,0.079,56.27,2.31356,1
3.58,8400368,3.5467,0.084,55.299999,2.26611,-1
3.579,4541008,3.5574,0.008,55.580002,2.26834,-1
3.566,7801783,3.5659,-0.036,55.32,2.28539,-1
3.556,6730682,3.5719,-0.013,54.549999,2.26537,-1
3.466,8103721,3.5614,-0.101,54.41,2.26093,-1
3.372,12944000,3.5384,-0.197,52.93,2.19124,-1
3.331,10270198,3.5146,-0.229,52.299999,2.14084,-1
3.264,12967345,3.4843,-0.316,51.689999,2.06523,-1
3.258,12253427,3.4532,-0.321,51.93,2.06226,-1
3.257,9254801,3.4229,-0.309,52.509998,2.02075,-1
3.253,14671668,3.3902,-0.303,52.560001,1.96145,1
3.347,10731921,3.367,-0.119,53.099998,2.0756,-1
3.271,15482794,3.3375,-0.101,53.16,2.08672,1
3.29,10260434,3.3109,-0.041,52.869999,2.12601,1
3.376,17228671,3.3019,0.112,53.68,2.21571,-1
3.016,37816485,3.2663,-0.242,52.540001,2.06819,-1
2.961,24262694,3.2293,-0.296,49.779999,1.94884,1
3.056,13555569,3.2085,-0.197,51.459999,1.94217,1
3.198,16126158,3.2025,-0.149,54.43,2.0163,1
3.255,16917633,3.2023,-0.016,54.790001,1.99851,-1
3.211,12417357,3.1981,-0.079,55.869999,2.01556,-1
3.204,8533361,3.1838,-0.172,55.23,2.00815,-1
3.155,9613707,3.1722,0.139,54.150002,1.9696,-1
3.076,11673717,3.1508,0.115,53.02,1.89028,1
3.106,9938766,3.1238,0.05,53.759998,1.87546,1
3.112,7931455,3.1334,-0.086,54.560001,1.88954,1
3.169,8521695,3.1542,-0.086,55.619999,1.92735,1
3.201,7660782,3.1687,-0.01,56.110001,1.99629,-1
3.173,10801719,3.1662,-0.031,56.240002,1.98739,1
3.2,8282008,3.1607,0.045,57.189999,1.94588,-1
3.191,11268208,3.1587,0.115,56.610001,1.93328,-1
3.175,6792192,3.1558,0.069,57.150002,1.90288,-1
3.16,6246875,3.1563,0.048,56.560001,1.92512,-1
3.118,9268429,3.1605,-0.051,58.150002,1.92735,-1
3.06,18437779,3.1559,-0.141,58.009998,1.9266,1
3.15,11721986,3.1597,-0.023,58.700001,1.94143,-1
3.098,10885537,3.1526,-0.102,59.110001,2.00592,-1
3.076,8574895,3.1401,-0.115,58.84,1.96367,-1
2.942,26463981,3.117,-0.233,58.279999,1.97627,-1
2.898,21956227,3.0868,-0.262,58.369999,1.95922,1
2.943,15854198,3.062,-0.175,58.970001,1.96812,1
2.989,14477898,3.0434,-0.071,58,2.00147,-1
2.95,13817487,3.0224,-0.2,55.669998,1.93921,1
2.956,10399765,3.0062,-0.142,55.029999,1.91252,-1
2.938,16605668,2.994,-0.138,55.66,1.90511,1
2.971,11122844,2.9761,0.029,53.990002,1.94884,1
2.973,7332829,2.9636,0.075,54.299999,1.93476,1
3.022,9635342,2.9582,0.079,54.400002,2.22386,-1
3.02,6602470,2.966,0.031,54.32,2.22757,1
3.064,6085901,2.9826,0.114,54.84,2.1653,-1
3.059,6498903,2.9942,0.103,54.830002,2.14973,-1
3.048,5906363,3.0001,0.11,55.509998,2.13046,1
3.058,11215519,3.0109,0.087,55.490002,2.09488,-1
2.98,9418494,3.0133,0.007,54.599998,2.06374,1
2.992,8579044,3.0187,-0.03,56.529999,2.07338,-1
2.964,6481466,3.018,-0.056,56.700001,2.04595,1
2.972,7414348,3.0179,-0.092,58.470001,2.03335,1
2.981,6419195,3.0138,-0.078,59.119999,2.10155,-1
2.949,7130428,3.0067,-0.099,59.389999,2.09636,-1
2.94,6447397,2.9943,-0.118,58.209999,2.0504,-1
2.933,6502233,2.9817,-0.047,62,2.07709,-1
2.913,5111605,2.9682,-0.079,61.310001,2.07486,-1
2.907,9400531,2.9531,-0.057,62.630001,2.11267,1
2.927,12823991,2.9478,-0.045,62.450001,2.21274,-1
2.88,12805401,2.9366,-0.101,63.009998,2.24017,1
2.897,17643137,2.9299,-0.052,63.48,2.29058,1
2.907,15611796,2.9234,-0.033,63.360001,2.28984,1
2.91,9488689,2.9163,-0.023,63.119999,2.26834,1
2.925,8008528,2.9139,0.012,63.400002,2.30985,1
2.937,8539466,2.9136,0.03,63.98,2.32097,-1
2.859,10521231,2.9062,-0.068,63.669998,2.33505,-1
2.839,9360723,2.8988,-0.041,63.18,2.29502,-1
2.791,8593514,2.8872,-0.106,63.029999,2.27797,-1
2.773,11386131,2.8718,-0.134,63.09,2.22238,1
2.79,11145577,2.8628,-0.12,63.869999,2.22534,1
2.8,14957976,2.8531,-0.125,62.669998,2.22979,1
2.823,9445058,2.8447,-0.114,63.5,2.27279,1
2.861,9502971,2.8398,0.002,63.07,2.35655,1
2.919,13595547,2.8392,0.08,63.810001,2.44625,1
2.996,16204315,2.8451,0.205,63.099998,2.44995,1
3.005,10099621,2.8597,0.232,62.59,2.43142,-1
2.972,11409396,2.873,0.182,62.169998,2.43142,1
2.993,11566328,2.8932,0.193,59.080002,2.37212,-1
2.991,12203455,2.915,0.168,59.689999,2.40103,-1
2.984,9782061,2.9344,0.123,56.849998,2.40103,-1
2.955,11075009,2.9499,0.036,57.080002,2.36767,-1
2.936,6338222,2.9612,-0.06,56.349998,2.35507,1
2.967,11743896,2.9718,-0.038,57.48,2.40622,-1
2.922,14331039,2.9721,-0.05,57.09,2.42846,-1
2.83,16529158,2.9555,-0.163,56.990002,2.4166,-1
2.793,19698696,2.9343,-0.198,55.779999,2.41437,1
2.86,16380349,2.9231,-0.124,56.139999,2.46626,-1
2.838,8847859,2.9076,-0.117,55.900002,2.47293,-1
2.793,8921517,2.8878,-0.143,55.560001,2.44625,1
2.812,15477472,2.8706,-0.155,55.75,2.36545,1
2.816,12060127,2.8567,-0.106,56.119999,2.4759,-1
2.812,9287686,2.8443,-0.018,55.290001,2.44773,1
2.836,12762896,2.8312,0.043,56.73,2.48702,-1
2.818,11673767,2.8208,-0.042,56.220001,2.47145,1
2.84,11775013,2.8218,0.002,55.59,2.50777,1
2.851,8354388,2.8276,0.058,55.700001,2.55299,-1
2.827,8569963,2.8243,0.015,55.740002,2.57597,1
2.937,20952395,2.8342,0.121,55.470001,2.53668,-1
2.913,15900789,2.8462,0.101,55.700001,2.51889,1
3.013,31544993,2.8663,0.177,56.34,2.50629,-1
3.013,14986700,2.886,0.195,52.349998,2.51,-1
2.971,10519302,2.9019,0.131,49.535,2.49072,-1
2.915,11800410,2.9098,0.064,48.665001,2.44328,-1
2.865,15070204,2.9145,0.038,48.325001,2.34395,-1
2.855,10249661,2.916,-0.082,48.084999,2.29651,-1
2.825,10882087,2.9134,-0.088,48.040001,2.2676,1
2.848,8025631,2.9155,-0.165,48.105,2.36322,-1
2.846,8923217,2.9064,-0.167,48.415001,2.39584,1
2.868,20129775,2.9019,-0.103,48.255001,2.38101,-1
2.72,31133024,2.8726,-0.195,47.41,2.40918,-1
2.687,21656912,2.84,-0.178,47.084999,2.40029,-1
2.617,23510201,2.8046,-0.238,47.005001,2.4166,-1
2.617,20095472,2.7748,-0.208,46.990002,2.38694,-1
2.605,17980958,2.7488,-0.243,46.98,2.36471,1
2.611,18012742,2.7244,-0.235,47.264999,2.32764,-1
2.566,20059164,2.6985,-0.302,48.689999,2.34914,1
2.601,17233979,2.6738,-0.119,48.384998,2.33357,1
2.699,39171053,2.6591,0.012,48.389999,2.34988,-1
2.675,24675352,2.6398,0.058,48.119999,2.37212,1
2.685,16863986,2.6363,0.068,48.525002,2.38324,-1
2.683,7551918,2.6359,0.078,48.314999,2.38991,-1
2.679,10300820,2.6421,0.068,49.27,2.36322,1
2.71,17186603,2.6514,0.144,48.950001,2.3736,1
2.719,22497623,2.6628,0.118,48.119999,2.40918,-1
2.633,16804258,2.665,-0.066,47.66,2.36767,-1
2.619,14868145,2.6703,-0.056,47.075001,2.29502,-1
2.582,21221605,2.6684,-0.103,47.994999,2.31282,1
2.637,14869291,2.6622,-0.046,48.945,2.37731,1
2.651,15554360,2.6598,-0.028,49.474998,2.41067,1
2.683,19704322,2.6596,-0.027,49.235001,2.50333,1
2.689,15201260,2.6602,-0.03,52.310001,2.63676,-1
2.668,13391857,2.6591,0.035,53.299999,2.65974,1
2.743,21492682,2.6624,0.124,53.470001,2.71015,1
2.754,12695201,2.6659,0.172,54.540001,2.70051,-1
2.736,16511867,2.6762,0.099,54.549999,2.74869,1
2.756,17565953,2.6899,0.105,54.900002,2.80058,1
2.797,13320355,2.7114,0.114,55.200001,2.76871,1
2.812,13398979,2.7289,0.123,54.990002,2.7902,-1
2.805,6957954,2.7443,0.137,55.369999,2.79095,-1
2.79,6055503,2.755,0.047,54.57,2.77983,1
2.796,6145826,2.7657,0.042,55.040001,2.77241,1
2.803,3631988,2.7792,0.067,55.419998,2.7865,-1
2.776,6476793,2.7825,0.02,54.849998,2.80058,1
2.825,7076871,2.7896,0.028,54.98,2.78427,-1
2.814,4736313,2.7974,0.002,54.919998,2.79169,1
2.874,9517743,2.8092,0.069,55.34,2.81467,-1
2.862,12824024,2.8157,0.072,55.290001,2.84877,-1
2.834,14926462,2.8179,0.038,55.610001,2.79317,1
2.84,10486260,2.8214,0.037,55.380001,2.80651,1
2.857,8339759,2.8281,0.081,55.509998,2.80206,-1
2.845,9275318,2.833,0.02,55.240002,2.78872,1
2.861,20512093,2.8388,0.047,55.439999,2.81541,-1
2.808,21578424,2.842,-0.066,55.84,2.78798,1
2.813,14773286,2.8408,-0.049,55.310001,2.78724,1
2.827,9834437,2.8421,-0.007,55.32,2.80355,-1
2.815,8079284,2.8362,-0.025,54.880001,2.76352,-1
2.815,8147379,2.8315,-0.042,55.040001,2.78946,-1
2.795,9070988,2.8276,-0.05,54.950001,2.74869,-1
2.778,8878060,2.8214,-0.083,53.139999,2.80577,1
2.822,12249306,2.8179,0.014,53,2.89102,-1
2.768,12056749,2.8102,-0.045,52.200001,2.84358,-1
2.712,18528034,2.7953,-0.115,52.209999,2.91252,-1
2.683,17290782,2.7828,-0.132,53.389999,2.91178,1
2.717,12767257,2.7732,-0.098,54.240002,3.0163,-1
2.707,11479725,2.7612,-0.088,54.330002,3.00888,-1
2.664,12237512,2.7461,-0.114,53.959999,3.00073,-1
2.664,15580319,2.731,-0.158,53.759998,3.00666,-1
2.556,31731362,2.7071,-0.212,54.139999,3.04298,1
2.608,34587539,2.6901,-0.104,54.25,3.06003,1
2.635,22245784,2.6714,-0.048,53.779999,3.07412,-1
2.59,16232596,2.6536,-0.127,52.950001,3.04965,-1
2.584,14393440,2.6408,-0.123,53.27,2.99776,1
2.61,12961589,2.6335,-0.054,52.889999,2.98442,1
2.64,18659376,2.6258,-0.024,54.169998,3.04669,-1
2.617,12664205,2.6168,0.061,54.459999,3.02149,-1
2.604,13465723,2.6108,-0.004,54.860001,3.06893,-1
2.584,11680967,2.6028,-0.051,54.689999,3.08672,1
2.589,12411589,2.6061,-0.001,54.43,3.06893,1
2.626,14651305,2.6079,0.042,54.93,3.0541,-1
2.601,13544705,2.6045,-0.009,55.130001,3.01704,1
2.634,11272167,2.6089,-0.006,55.279999,3.04965,-1
2.619,8974388,2.6124,0.002,56.900002,3.04669,1
2.654,16126799,2.6168,0.05,56.610001,3.01778,1
2.655,15896154,2.6183,0.071,56.279999,3.03335,1
2.694,23308419,2.626,0.105,56.23,2.95625,-1
2.683,12266098,2.6339,0.057,56.240002,2.96441,-1
2.665,13584666,2.642,0.064,56.810001,2.95106,1
2.668,10598296,2.6499,0.034,56.450001,3.06374,1
2.69,13043680,2.6563,0.071,57.290001,3.07634,1
2.751,26344659,2.6713,0.097,61.73,3.04002,-1
2.746,11245973,2.6825,0.091,60.779999,2.99999,-1
2.741,9372924,2.6947,0.047,61.330002,2.98739,-1
2.72,11099715,2.7013,0.037,60.799999,3.03186,1
2.783,14794929,2.7141,0.118,61.43,3.03928,1
2.791,14096486,2.7238,0.123,61.709999,3.17197,-1
2.771,9503599,2.7326,0.081,62.040001,3.1223,1
2.778,12618259,2.7439,0.027,61.950001,3.09858,-1
2.765,14413571,2.7536,0.019,61.139999,3.14973,1
2.818,17141063,2.7664,0.077,61.57,3.12156,1
2.833,18390287,2.7746,0.113,63.389999,3.08672,-1
2.806,9118809,2.7806,0.023,63.240002,3.06819,-1
2.786,12925606,2.7851,-0.005,63.200001,3.0541,1
2.798,13354640,2.7929,0.027,52.400002,3.03038,1
2.829,17219374,2.7975,0.051,50.400002,3.06819,-1
2.813,9769449,2.7997,0.048,49.990002,3.1564,-1
2.792,10398982,2.8018,-0.026,49.220001,3.14528,-1
2.79,8976809,2.803,-0.043,50.139999,3.15788,1
2.811,14940321,2.8076,0.005,50.75,3.16752,-1
2.797,11601620,2.8055,0.011,51.41,3.17716,1
2.823,14659852,2.8045,0.025,52.380001,3.1438,1
2.827,12628213,2.8066,-0.002,51.939999,3.10525,-1
2.799,10315154,2.8079,-0.014,52,3.1097,1
2.806,9317370,2.8087,0.014,51.700001,3.0756,1
2.809,10912897,2.8067,0.019,52.009998,3.02297,-1
2.78,11621952,2.8034,-0.031,52.07,3.11785,1
2.792,12326777,2.8034,-0.005,54.540001,3.13861,-1
2.785,13466401,2.8029,-0.038,55.25,3.15714,1
2.79,11121371,2.8008,-0.037,56.48,3.15343,-1
2.785,10362370,2.7996,-0.014,56.5,3.10006,-1
2.72,17062551,2.7893,-0.086,54.77,3.0163,1
2.755,16143311,2.7821,-0.054,55.549999,3.02519,-1
2.746,13046307,2.7768,-0.034,55.860001,3.04002,-1
2.72,13774098,2.7682,-0.072,55.209999,3.06077,1
2.791,26291390,2.7664,0.006,55.32,3.18753,1
2.8,19242996,2.7684,0.01,54.950001,3.32097,-1
2.784,30895637,2.7676,-0.001,54.889999,3.32541,-1
2.722,24953780,2.7613,0.002,55.400002,3.37286,-1
2.655,35410885,2.7478,-0.1,51.419998,3.38101,1
2.735,25780139,2.7428,-0.011,52.450001,3.39509,1
2.746,13993400,2.7454,0.026,52.150002,3.39213,1
2.775,18513131,2.7474,-0.016,54,3.38175,1
2.83,19179415,2.7558,0.03,54.790001,3.42178,1
2.865,22462233,2.7703,0.081,56.009998,3.41882,1
2.879,14979805,2.7791,0.157,55.5,3.42549,-1
2.873,19677912,2.7864,0.218,53.259998,3.38991,-1
2.848,18803477,2.7928,0.113,52.52,3.33505,1
2.987,42186356,2.8193,0.241,53,3.38768,-1
2.917,22426907,2.8455,0.142,52.889999,3.38175,1
2.955,20810881,2.8675,0.125,53.799999,3.33283,-1
2.933,17317307,2.8862,0.068,52.810001,3.24313,-1
2.9,23418862,2.8987,0.021,53.259998,3.19495,1
2.936,13711783,2.9093,0.063,54.650002,3.1653,1
3,20000351,2.9228,0.152,54.900002,3.17271,-1
2.991,16034692,2.934,0.004,53.959999,3.26685,-1
2.979,13552334,2.9446,0.062,53.459999,3.24684,-1
2.972,8128677,2.957,0.017,52.91,3.29131,1
3.04,17525683,2.9623,0.107,52.639999,3.35062,1
3.05,9479860,2.9756,0.15,53.099998,3.30836,-1
3.006,13908412,2.9807,0.07,53.110001,3.28761,1
3.033,19573815,2.9907,0.033,52.82,3.28464,1
3.053,18491178,3.006,0.062,53.150002,3.36322,-1
3.052,13565914,3.0176,0.073,52.75,3.35432,-1
3.048,7039632,3.0224,0.076,52.389999,3.30836,-1
3.046,9062465,3.0279,0.006,52.049999,3.28909,-1
3.027,10972613,3.0327,-0.023,51.360001,3.32541,-1
3.02,11122091,3.0375,0.014,51.93,3.40399,1
3.022,11674621,3.0357,-0.011,52.189999,3.44847,-1
3.002,11280245,3.0309,-0.051,51.529999,3.37434,1
3.008,11544347,3.0311,-0.044,52.049999,3.37582,1
3.03,18669509,3.0308,-0.018,54.650002,3.36248,-1
2.954,22621253,3.0209,-0.092,54.599998,3.33579,1
2.981,20091853,3.0138,-0.046,55.25,3.37286,-1
2.97,10769088,3.006,-0.05,55.360001,3.40399,-1
2.966,10908443,2.998,-0.056,54.650002,3.35062,1
2.991,12331901,2.9944,-0.011,54.77,3.33876,1
3.029,19486965,2.9953,0.021,55.25,3.32764,-1
2.926,30406542,2.9857,-0.104,55.150002,3.27945,-1
2.903,18235078,2.9758,-0.051,54.290001,3.28464,-1
2.848,27054674,2.9598,-0.133,53.650002,3.19346,-1
2.834,18905852,2.9402,-0.136,53.610001,3.14825,-1
2.806,18471672,2.9254,-0.16,52.549999,3.03928,-1
2.801,16730277,2.9074,-0.19,52.549999,2.9948,1
2.829,11083392,2.8933,-0.2,54.310001,3.03112,-1
2.811,9876431,2.8778,-0.115,56.02,2.99554,-1
2.8,10141725,2.8587,-0.103,55.290001,2.98961,1
2.838,17718110,2.8396,-0.01,54.610001,2.98739,1
2.857,11526173,2.8327,0.023,54.790001,2.96737,1
2.871,9644945,2.8295,0.065,54.790001,2.96367,-1
2.846,11114667,2.8293,0.045,55.02,2.96218,1
2.861,13725751,2.832,0.032,55.43,2.99406,1
2.89,16576833,2.8404,0.079,55.34,2.97182,1
2.893,9480088,2.8496,0.093,55.59,3.03186,1
2.923,11458332,2.859,0.085,55.290001,3.08301,-1
2.918,11376157,2.8697,0.061,54.689999,3.08375,1
2.951,10933360,2.8848,0.08,55.029999,3.12378,1
2.967,13753513,2.8977,0.121,55.040001,3.13787,1
2.99,19947961,2.911,0.129,55,3.09932,-1
2.975,14320554,2.9214,0.085,44.150002,3.12601,-1
2.954,17204535,2.9322,0.061,43.365002,3.11341,1
3.072,32246749,2.9533,0.149,44.709999,3.10377,1
3.14,26669982,2.9783,0.222,44.720001,3.13639,-1
3.069,18209250,2.9959,0.118,43.43,3.04743,-1
3.064,15785243,3.01,0.097,43.060001,3.09191,1
3.082,13004732,3.0264,0.092,43.064999,3.14973,1
3.087,12598927,3.04,0.112,43.360001,3.09561,1
3.09,11288277,3.0523,0.136,43.174999,3.13045,1
3.1,10057934,3.0633,0.028,43.645,3.1312,1
3.119,10006937,3.0777,-0.021,43.665001,3.13268,1
3.135,8994706,3.0958,0.066,44.32,3.07189,-1
3.108,9823811,3.0994,0.044,44.43,2.91326,-1
3.101,8682000,3.0955,0.019,43.634998,2.93994,-1
3.048,9754731,3.0934,-0.039,43.200001,2.88287,1
3.082,5643637,3.0952,-0.008,43.305,2.88361,1
3.086,6027033,3.0956,-0.014,44.435001,2.81689,-1
3.071,6828828,3.094,-0.048,44.790001,2.81689,1
3.074,7299489,3.0924,-0.061,44.48,2.79169,-1
3.035,9650232,3.0859,-0.073,43.740002,2.77464,-1
2.996,11881146,3.0736,-0.105,44.09,2.80651,1
3.009,8250982,3.061,-0.039,44.634998,2.81911,-1
2.99,8046282,3.0492,-0.092,45.529999,2.77464,-1
2.968,10115967,3.0359,-0.118,46.855,2.77464,-1
2.968,6655213,3.0279,-0.103,46.5,2.76648,-1
2.956,7206352,3.0153,-0.118,46.25,2.80206,-1
2.945,9922518,3.0012,-0.09,44.849998,2.79613,1
2.957,8930799,2.9898,-0.039,44.805,2.83542,1
2.971,10697428,2.9795,-0.038,45.395,2.87175,-1
2.955,7361435,2.9715,-0.035,42.91,2.86656,1
2.972,9167116,2.9691,0.004,38.599998,2.81689,-1
2.946,9317513,2.9628,-0.022,38.740002,2.76648,-1
2.925,10248444,2.9563,-0.031,39.465,2.77983,-1
2.904,12468509,2.9499,-0.041,39.650002,2.77093,1
2.917,11623117,2.9448,-0.04,39.689999,2.68642,1
2.936,11171121,2.9428,-0.035,41.389999,2.71385,-1
2.932,12152813,2.9415,-0.023,41.375,2.77983,1
2.965,12227909,2.9423,-0.007,41.255001,2.76871,1
2.984,13202465,2.9436,0.038,40.875,2.74499,-1
2.935,20450373,2.9416,0.01,40.095001,2.74128,1
2.966,8500784,2.941,0.062,40.305,2.70051,1
2.99,8488944,2.9454,0.073,40.43,2.59895,1
3,9859255,2.9529,0.064,40.334999,2.6123,-1
2.933,13002225,2.9558,0.001,39.985001,2.58783,-1
2.855,21898053,2.9496,-0.11,39.465,2.60859,1
2.883,13374723,2.9443,-0.101,39.154999,2.55077,1
2.9,9811287,2.9411,-0.035,38.325001,2.54187,-1
2.874,15030835,2.932,-0.092,38.32,2.53446,-1
2.853,12309272,2.9189,-0.137,38.009998,2.52408,1
2.905,15307555,2.9159,-0.095,37.794998,2.51222,-1
2.904,8117601,2.9097,-0.029,37.599998,2.51519,-1
2.896,7133172,2.9003,0.041,37.040001,2.55077,-1
2.891,11190171,2.8894,0.008,36.5,2.55818,1
2.922,11760805,2.8883,0.022,35.654999,2.64417,1
2.938,11631657,2.8966,0.064,36.174999,2.6286,1
2.945,7391136,2.9028,0.092,36.205002,2.62341,1
2.957,8120578,2.9085,0.052,34.985001,2.58339,1
2.984,14557469,2.9195,0.08,34.02,2.54854,-1
2.955,10819587,2.9297,0.059,32.994999,2.50777,1
2.963,10511465,2.9355,0.072,32.105,2.5137,-1
2.944,7422065,2.9395,0.022,32,2.5441,1
2.952,9634350,2.9451,0.014,31.885,2.56485,-1
2.952,6527355,2.9512,0.007,31.155001,2.5693,1
2.98,12715242,2.957,0.023,31.9,2.55077,-1
2.961,9966602,2.9593,-0.023,32.615002,2.57968,1
3.015,17822961,2.9663,0.06,32.235001,2.55077,-1
2.987,10940589,2.9693,0.024,31.705,2.55151,-1
2.964,9104331,2.9673,0.02,31.469999,2.55447,1
2.986,17933821,2.9704,0.034,32.145,2.44254,-1
2.953,15473681,2.9694,0.001,34.810001,2.36248,-1
2.95,12254519,2.97,-0.03,33.875,2.3825,1
2.964,11852073,2.9712,0.003,33.98,2.40103,1
2.983,13683575,2.9743,-0.032,35.384998,2.39213,1
2.986,13086956,2.9749,-0.001,34.419998,2.39584,-1
2.97,9430178,2.9758,0.006,33.395,1.8547,-1
2.959,10841450,2.9702,-0.027,34.205002,1.79614,-1
2.958,10318961,2.9673,0.005,33.459999,1.76056,-1
2.953,11069835,2.9662,0.003,35.189999,1.74944,-1
2.95,14750588,2.9626,-0.014,34.154999,1.58042,-1
2.945,9668801,2.9618,-0.038,32.669998,1.52705,1
2.95,11778745,2.9618,-0.036,32.259998,1.51964,1
2.995,16118267,2.9649,0.025,32.014999,1.31949,1
3.007,16904069,2.9673,0.048,32.77,1.42475,-1
2.991,9616553,2.9678,0.033,33.400002,1.36486,-1
2.96,21989180,2.9668,0.007,32.244999,1.20088,1
2.999,11908845,2.9708,0.049,31.945,1.2633,-1
2.968,11285504,2.9718,0.023,32.945,1.22905,1
2.995,13429154,2.976,0.045,33.200001,1.12068,1
3.001,7803536,2.9811,0.006,33.389999,1.16382,-1
2.981,6920550,2.9847,-0.026,32.84,1.10867,1
3.002,10239009,2.9899,0.011,31.799999,1.09384,1
3.025,12161293,2.9929,0.065,32.650002,1.05811,1
3.052,13218607,2.9974,0.053,31.68,1.04225,1
3.082,24300638,3.0065,0.114,31.915001,0.98354,-1
3.053,13225705,3.0158,0.058,31.68,0.98784,-1
3.043,15269908,3.0202,0.042,31.51,1.0335,-1
3.038,12645468,3.0272,0.057,31.889999,1.10793,1
3.044,8635978,3.0321,0.042,32.525002,1.11045,-1
2.993,37984289,3.0313,-0.032,32.41,1.1149,-1
2.924,22989835,3.0256,-0.128,32.465,1.08628,1
2.926,20853556,3.018,-0.156,33.889999,1.20682,1
2.941,15407986,3.0096,-0.112,45.605,1.30896,-1
2.898,13035935,2.9942,-0.145,47,1.20444,-1
2.882,14115502,2.9742,-0.156,46.900002,1.20385,1
2.925,26014104,2.9614,-0.119,46.834999,1.20859,1
2.93,10761292,2.9501,-0.063,49.465,1.21245,1
2.94,10000031,2.9403,0.016,49.349998,1.22031,-1
2.906,9486653,2.9265,-0.02,49.494999,1.24536,1
2.921,10018832,2.9193,-0.02,49.5,1.26404,-1
2.909,5091098,2.9178,0.011,49.330002,1.26982,1
2.91,4783985,2.9162,0.028,49.400002,1.28687,1
2.913,5092725,2.9134,-0.012,49.400002,1.28524,-1
2.908,6228366,2.9144,-0.022,49.5,1.29666,-1
2.907,7874055,2.9169,-0.033,49.59,1.3358,-1
2.871,16397174,2.9115,-0.035,49.5,1.4381,1
2.904,15392919,2.9089,-0.017,49.599998,1.42446,1
2.907,12854885,2.9056,-0.002,49.5,1.42564,1
2.92,11218985,2.907,0.01,49.490002,1.40044,-1
2.9,12024230,2.9049,-0.013,49.549999,1.54781,-1
2.85,14868922,2.899,-0.058,49.580002,1.43572,-1
2.833,13458281,2.8913,-0.074,49.639999,1.33936,1
2.845,9560093,2.8845,-0.026,49.599998,1.36397,-1
2.842,8808935,2.8779,-0.062,49.75,1.33432,1
2.867,9984036,2.8739,-0.04,49.549999,1.33076,-1
2.847,8888001,2.8715,-0.073,49.630001,1.27027,-1
2.819,15336174,2.863,-0.081,49.619999,1.32661,1
2.831,11026466,2.8554,-0.019,49.549999,1.33135,1
2.868,12770479,2.8502,0.035,49.57,1.35092,1
2.885,11472082,2.8487,0.04,49.509998,1.41082,-1
2.862,9290240,2.8499,0.02,49.599998,1.37257,-1
2.859,10273575,2.8525,-0.008,49.599998,1.34054,1
2.885,8761861,2.8565,0.038,49.619999,1.34766,-1
2.86,8451068,2.8583,0.041,49.57,1.32839,-1
2.845,10566066,2.8561,0.014,49.630001,1.2851,-1
2.82,20117452,2.8534,-0.048,49.77,1.28332,-1
2.817,15606216,2.8532,-0.068,49.669998,1.28391,-1
2.781,14745715,2.8482,-0.081,49.689999,1.26434,-1
2.691,19665586,2.8305,-0.168,49.84,1.24329,-1
2.591,28548185,2.8011,-0.294,49.459999,1.20978,1
2.66,22937592,2.7809,-0.2,49.810001,1.23973,-1
2.612,18523181,2.7562,-0.233,49.57,1.20504,-1
2.532,19595674,2.7209,-0.288,49.549999,1.16204,1
2.586,16649106,2.6935,-0.231,49.52,1.15611,-1
2.57,11686792,2.666,-0.211,49.560001,1.11401,1
2.587,14379560,2.6427,-0.104,49.549999,1.16886,-1
2.56,13832160,2.617,-0.031,49.66,1.20237,1
2.591,11066235,2.598,-0.069,49.5,1.21245,-1
2.59,7200676,2.5879,-0.022,49.599998,1.17865,1
2.595,7917812,2.5883,0.063,49.439999,1.16234,-1
2.587,9723233,2.581,0.001,49.48,1.13565,1
2.589,11231438,2.5787,0.019,49.400002,1.12616,1
2.633,10252928,2.5888,0.046,49.400002,1.13002,1
2.639,12358279,2.5941,0.079,49.349998,1.15611,-1
2.591,15233584,2.5962,0,49.439999,1.14929,-1
2.57,14256815,2.5945,-0.02,49.360001,1.16916,-1
2.556,14442712,2.5941,-0.039,49.490002,1.12261,-1
2.49,17357320,2.584,-0.097,49.740002,1.12083,1
2.503,15468783,2.5753,-0.086,49.82,1.12409,1
2.542,12523066,2.57,-0.091,49.810001,1.17123,-1
2.509,14025582,2.5622,-0.13,49.709999,1.15048,1
2.538,15184288,2.5571,-0.053,49.5,1.17776,1
2.552,8520225,2.549,-0.018,49.540001,1.16619,-1
2.552,8436730,2.5403,-0.004,49.5,1.16827,-1
2.532,10346937,2.5344,0.042,49.59,1.18013,-1
2.517,10379285,2.5291,0.014,49.450001,1.19703,-1
2.489,11288072,2.5224,-0.053,49.380001,1.19644,1
2.543,21570076,2.5277,0.034,49.150002,1.22905,-1
2.513,9280558,2.5287,-0.025,49.349998,1.15878,-1
2.467,13350271,2.5212,-0.085,49.400002,1.09859,-1
2.437,14184572,2.514,-0.115,49.43,1.09028,-1
2.414,15389836,2.5016,-0.118,49.599998,1.07071,1
2.426,14890130,2.489,-0.091,49.389999,1.06182,-1
2.387,10165658,2.4725,-0.102,49.25,1.02653,1
2.42,14225852,2.4613,-0.123,49.349998,1.012,1
2.46,15531047,2.4556,-0.053,49.599998,1.00133,-1
2.437,14994997,2.4504,-0.03,49.650002,0.99303,-1
2.4,15699265,2.4361,-0.037,49.650002,0.98324,-1
2.396,15870010,2.4244,-0.018,49.639999,0.97109,1
2.411,24642435,2.4188,-0.015,49.57,1.0037,1
2.432,18571907,2.4183,0.045,49.66,1.03751,1
2.464,14172839,2.4233,0.044,49.740002,1.04195,-1
2.432,19320493,2.4239,-0.028,49.650002,1.06597,1
2.46,16308119,2.4312,0.023,49.75,1.07931,1
2.477,17312573,2.4369,0.077,49.799999,1.11252,1
2.481,11062561,2.439,0.085,49.849998,1.12498,1
2.501,12565852,2.4454,0.09,49.950001,1.18576,1
2.521,13572181,2.4575,0.089,49.880001,1.21275,-1
2.474,21004209,2.4653,0.01,50,1.18369,-1
2.473,11557969,2.4715,0.041,49.950001,1.20859,-1
2.419,18614986,2.4702,-0.041,49.98,1.22965,1
2.453,13055764,2.4691,-0.024,49.91,1.25278,-1
2.443,11120960,2.4702,-0.038,49.990002,1.22935,1
2.49,20644953,2.4732,-0.011,49.959999,1.22461,1
2.599,37540902,2.4854,0.078,49.799999,1.22639,-1
2.546,20804545,2.4919,0.072,49.75,1.15611,1
2.577,16930274,2.4995,0.104,49.880001,1.17687,-1
2.574,17659917,2.5048,0.155,49.970001,1.18813,-1
2.551,9512235,2.5125,0.098,49.98,1.13802,-1
2.542,13001292,2.5194,0.099,49.830002,1.15166,1
2.543,4513404,2.5318,0.053,49.91,1.12972,1
2.594,16349037,2.5459,-0.005,49.810001,1.13476,1
2.596,13595982,2.5612,0.05,49.849998,1.09859,-1
2.573,8994783,2.5695,-0.004,49.75,1.12676,-1
2.536,13053506,2.5632,-0.038,49.75,1.14425,-1
2.507,14133522,2.5593,-0.044,49.799999,1.1653,-1
2.447,21299528,2.5463,-0.095,49.82,1.16174,-1
2.427,18233021,2.5316,-0.116,49.82,1.1659,1
2.455,16007444,2.522,-0.139,49.779999,1.31,-1
2.42,9650435,2.5098,-0.176,49.889999,1.26315,-1
2.42,7272482,2.4975,-0.153,49.880001,1.17153,1
2.424,21232545,2.4805,-0.112,49.959999,2.42,-1
2.408,13722215,2.4617,-0.099,50.080002,3.15,-1
2.371,16021290,2.4415,-0.076,50.139999,3.107,-1
2.351,15062608,2.423,-0.076,50.18,3.019,-1
2.351,5097843,2.4074,-0.104,50.18,3.16,-1
2.331,15436023,2.3958,-0.089,50.139999,2.999,-1
2.324,13977455,2.3855,-0.096,50.200001,3.065,1
2.327,17829729,2.3727,-0.097,50.139999,3.03,1
2.346,14163707,2.3653,-0.062,50.060001,3.082,1
2.369,9633035,2.3602,-0.002,50.060001,3.186,-1
2.363,14895570,2.3541,0.012,50.080002,3.195,1
2.365,12813711,2.3498,0.014,50,3.247,1
2.415,23814319,2.3542,0.084,50.060001,3.194,-1
2.389,16198276,2.358,0.065,50.080002,3.295,1
2.419,15963679,2.3648,0.092,50.02,3.318,1
2.432,14312258,2.3749,0.086,50.02,3.356,-1
2.397,13264804,2.3822,0.028,49.98,3.38,1
2.411,14723299,2.3906,0.048,49.98,3.38,-1
2.397,39070415,2.3957,0.032,50.080002,3.37,-1
2.382,10038238,2.397,-0.033,50.139999,3.346,1
2.385,12350508,2.3992,-0.004,50.060001,3.333,-1
2.385,13591320,2.4012,-0.034,50.099998,3.476,-1
2.376,10685911,2.3973,-0.056,50.18,3.422,1
2.424,13636352,2.4008,0.027,50.040001,3.526,-1
2.397,8147657,2.3986,-0.014,50.139999,3.5,-1
2.347,14362821,2.3901,-0.05,50.040001,3.453,1
2.374,13646498,2.3878,-0.008,50.060001,3.39,-1
2.335,12869461,2.3802,-0.05,50.080002,3.372,-1
2.33,16697379,2.3735,-0.055,49.82,3.49,-1
2.304,15573792,2.3657,-0.072,49.84,3.377,1
2.367,15278424,2.3639,-0.057,49.950001,3.35,1
2.403,14542461,2.3657,0.006,50.040001,3.174,1
2.414,17755875,2.3695,0.067,49.880001,3.166,1
2.459,18964987,2.373,0.085,49.98,3.284,1
2.472,13080585,2.3805,0.137,50.060001,3.32,1
2.475,10752768,2.3933,0.145,50.119999,3.236,-1
2.46,19309519,2.4019,0.156,50.220001,3.195,1
2.483,12493725,2.4167,0.116,50.139999,3.209,-1
2.464,8674056,2.4301,0.061,50.220001,3.167,-1
2.46,7604835,2.4457,0.046,50.299999,3.144,-1
2.411,14989044,2.4501,-0.048,50.040001,3.093,1
2.412,11641370,2.451,-0.06,49.919998,3.079,1
2.435,12296085,2.4531,-0.04,49.700001,2.973,1
2.486,20972592,2.4558,0.026,49.880001,2.998,-1
2.48,9598754,2.4566,-0.003,49.740002,3,-1
2.456,14160914,2.4547,-0.008,49.73,2.986,-1
2.456,9500605,2.4543,-0.004,49.799999,2.838,1
2.534,29102840,2.4594,0.123,49.799999,2.798,1
2.555,17264503,2.4685,0.143,49.830002,2.878,-1
2.504,12830646,2.4729,0.069,49.849998,2.764,-1
2.475,17077574,2.4793,-0.011,49.880001,2.852,-1
2.456,15216327,2.4837,-0.024,49.950001,2.878,-1
2.429,18776037,2.4831,-0.027,50,2.409,1
2.438,16275482,2.4783,-0.018,49.900002,2.367,1
2.455,10054785,2.4758,-0.079,49.849998,2.39,1
2.469,9688306,2.4771,-0.086,49.810001,2.431,-1
2.44,13655037,2.4755,-0.064,49.860001,2.413,-1
2.421,14612505,2.4642,-0.054,49.740002,2.462,-1
2.364,13669662,2.4451,-0.092,49.939999,2.454,-1
2.357,7260910,2.4304,-0.072,49.759998,2.472,-1
2.349,9312305,2.4178,-0.089,49.860001,2.401,-1
2.322,13704418,2.4044,-0.133,49.98,2.336,1
2.329,16921035,2.3944,-0.14,49.790001,2.396,-1
2.292,12913616,2.3798,-0.148,49.799999,2.36,-1
2.264,17421338,2.3607,-0.157,49.77,2.445,1
2.278,11882115,2.3416,-0.086,49.799999,2.476,-1
2.264,16938024,2.324,-0.093,49.700001,2.655,-1
2.25,14812131,2.3069,-0.099,49.599998,2.676,-1
2.234,11754284,2.2939,-0.088,49.580002,2.74,1
2.24,6045819,2.2822,-0.089,49.509998,2.822,-1
2.226,16391252,2.2699,-0.066,49.549999,2.782,1
2.231,11109615,2.2608,-0.033,49.580002,2.774,-1
2.2,30231650,2.2479,-0.078,49.52,2.64,1
2.201,18718132,2.2388,-0.063,50.02,2.592,-1
2.198,8757160,2.2322,-0.052,49.66,2.481,-1
2.185,18069762,2.2229,-0.049,49.77,2.468,1
2.188,18978590,2.2153,-0.052,49.91,2.394,1
2.19,14913907,2.2093,-0.036,50.299999,2.229,1
2.209,18681055,2.2068,-0.022,50.360001,2.215,1
2.243,13808749,2.2071,0.043,50.34,2.085,-1
2.226,14620617,2.2071,0.025,50.259998,2.151,1
2.237,14130471,2.2077,0.039,50.220001,2.076,1
2.249,14322598,2.2126,0.064,50.220001,2.135,1
2.275,20084744,2.22,0.087,50.220001,2.149,-1
2.266,14034861,2.2268,0.076,50.34,2.104,1
2.29,13472879,2.2373,0.081,50.139999,2.112,-1
2.274,13395475,2.2459,0.031,50.099998,2.118,1
2.317,14195510,2.2586,0.091,50.080002,2.229,1
2.336,25219183,2.2713,0.099,50.139999,2.285,-1
2.294,13209694,2.2764,0.045,50.200001,2.282,1
2.31,10991918,2.2848,0.035,50.259998,2.245,-1
2.31,12230190,2.2921,0.044,50.200001,2.285,1
2.339,12997263,2.3011,0.049,50.099998,2.383,-1
2.272,18638558,2.3008,-0.002,50.200001,2.323,1
2.287,11252583,2.3029,-0.03,50.060001,2.294,-1
2.25,11902493,2.2989,-0.086,50.16,2.34,1
2.27,8902399,2.2985,-0.024,50.099998,2.379,-1
2.264,10681874,2.2932,-0.046,50.200001,2.442,1
2.268,9792215,2.2864,-0.042,50.220001,2.446,-1
2.259,11313688,2.2829,-0.08,50.16,2.367,-1
2.256,9828424,2.2775,-0.016,50.060001,2.326,1
2.319,25230637,2.2784,0.032,50.080002,2.434,1
2.321,20371409,2.2766,0.071,49.900002,2.308,-1
2.228,26375790,2.2722,-0.042,50.099998,2.344,1
2.301,16277775,2.2736,0.037,50.099998,2.363,1
2.325,16468893,2.2811,0.057,50.099998,2.447,1
2.372,19905836,2.2913,0.113,50.279999,2.327,1
2.384,19829308,2.3033,0.128,50.380001,2.365,1
2.405,15789701,2.317,0.086,50.360001,2.319,-1
2.374,11993255,2.3285,0.053,50.439999,2.282,-1
2.331,14082101,2.336,0.103,50.259998,2.14,1
2.386,22382419,2.3427,0.085,50.259998,2.106,-1
2.359,16999912,2.3465,0.034,50.240002,2.05,-1
2.287,17829964,2.3524,-0.085,50.299999,2.017,1
2.308,12330898,2.3531,-0.076,50.299999,2.061,1
2.314,10737717,2.352,-0.091,50.299999,2.076,1
2.336,17165111,2.3484,-0.038,50.360001,2.107,1
2.364,14686748,2.3464,0.033,50.400002,2.072,-1
2.336,12516978,2.3395,-0.05,50.459999,2.137,1
2.371,14153265,2.3392,0.012,50.540001,2.143,-1
2.369,15922306,2.343,0.082,50.5,2.174,1
2.39,11415701,2.3434,0.082,50.5,2.32,-1
2.386,7641919,2.3461,0.072,50.540001,2.307,-1
2.385,7851457,2.3559,0.049,50.5,2.224,-1
2.377,6508896,2.3628,0.013,50.66,2.13,1
2.41,12704894,2.3724,0.074,50.779999,2.144,1
2.434,13878620,2.3822,0.063,50.720001,2.168,-1
2.4,17273989,2.3858,0.031,50.740002,2.158,-1
2.4,10907591,2.3922,0.01,50.580002,2.112,1
2.408,9090419,2.3959,0.022,50.599998,2.069,-1
2.36,19785340,2.395,-0.025,50.560001,1.99,1
2.39,14381895,2.395,0.013,50.619999,2.02,-1
2.341,15117326,2.3905,-0.069,50.560001,1.78,1
2.383,9587955,2.3903,-0.051,50.580002,1.557,1
2.52,34573855,2.4046,0.12,50.599998,1.643,-1
2.504,23085149,2.414,0.104,50.639999,1.7,1
2.551,28628138,2.4257,0.143,50.560001,1.8495,-1
2.537,14575180,2.4394,0.177,50.599998,1.85,1
2.613,31603706,2.4607,0.223,50.560001,2.139,1
2.621,18946266,2.482,0.28,50.599998,2.168,1
2.651,20100702,2.5111,0.268,50.560001,2.236,1
2.652,14810604,2.5373,0.132,50.599998,2.249,-1
2.58,26695611,2.5612,0.076,50.5,2.12,1
2.627,18743715,2.5856,0.076,50.599998,2.112,-1
2.567,12115008,2.5903,0.03,50.52,1.9445,1
2.588,19344365,2.5987,-0.025,50.759998,1.987,1
2.642,18151798,2.6078,0.021,50.779999,2.069,-1
2.564,23426019,2.6105,-0.087,50.779999,2.038,1
2.624,16764138,2.6116,-0.028,50.740002,2.029,-1
2.62,11888884,2.6115,0.04,50.720001,1.993,-1
2.596,20221271,2.606,-0.031,50.700001,1.969,1
2.605,14363720,2.6013,0.038,50.700001,1.998,-1
2.547,21572333,2.598,-0.041,50.619999,1.8965,1
2.55,27788276,2.5903,-0.092,50.48,1.805,-1
2.518,2691267,2.5854,-0.046,50.580002,1.679,-1
2.482,15326092,2.5748,-0.142,50.68,1.6065,1
2.524,11540667,2.563,-0.096,50.619999,1.72,1
2.56,3598292,2.5626,-0.036,50.66,1.699,-1
2.545,8738009,2.5547,-0.06,50.759998,1.694,1
2.569,16535304,2.5496,0.022,50.700001,1.6675,1
2.583,15652725,2.5483,0.033,50.720001,1.8405,-1
2.552,12176347,2.543,0.034,50.720001,1.852,-1
2.503,20492610,2.5386,0.021,50.740002,1.8465,-1
2.491,15605765,2.5327,-0.033,50.720001,1.8285,1
2.496,16429003,2.5305,-0.064,50.68,1.914,1
2.507,11208648,2.533,-0.038,50.68,1.9115,-1
2.472,11574857,2.5278,-0.097,50.68,1.7575,1
2.473,14198900,2.5191,-0.11,50.700001,1.729,-1
2.47,13640391,2.5116,-0.082,50.68,1.6985,1
2.498,14307907,2.5045,-0.005,50.68,1.6865,1
2.525,15998977,2.4987,0.034,50.700001,1.7365,-1
2.491,9370983,2.4926,-0.005,50.700001,1.7385,1
2.495,13081915,2.4918,-0.012,50.68,1.7135,-1
2.489,13964101,2.4916,0.017,50.639999,1.73,-1
2.477,11753978,2.4897,0.004,50.700001,1.78,1
2.521,22602252,2.4911,0.051,50.599998,1.795,1
2.546,24812809,2.4985,0.048,50.599998,1.802,-1
2.508,19108530,2.502,-0.017,50.619999,1.7925,1
2.529,42062722,2.5079,0.038,50.619999,1.843,1