time,previous price,KPN Trade Volume,30 - 10 day MA,10day MA,1 Week momentum,GTO Close,ATC Close,output
0,2.773,17237738,-0.166533333,2.7233,0.045607,83.720001,1.05933,2.693
1,2.693,21724387,-0.1521,2.722,-0.040445,83.029999,1.0749,2.565
2,2.565,67443132,-0.1321,2.7103,-0.113588,83.889999,1.06285,2.634
3,2.634,22368951,-0.112466667,2.7017,-0.048189,84.07,1.0749,2.72
4,2.72,19410001,-0.096766667,2.6997,0.021514,86.669998,1.0749,2.717
5,2.717,14468636,-0.0855,2.7017,-0.006884,85.190002,1.08805,2.69
6,2.69,13512027,-0.072933333,2.7017,-0.098959,85.080002,1.09528,2.669
7,2.669,13373823,-0.059466667,2.6991,-0.104,86.239998,1.09528,2.608
8,2.608,56514422,-0.038933333,2.6874,-0.085,85.279999,1.1027,2.634
9,2.634,19695054,-0.013033333,2.6703,0.069,85.900002,1.1027,2.589
10,2.589,13252721,0.011033333,2.6519,-0.045,85.309998,1.1014,2.616
11,2.616,11537088,0.023766667,2.6442,-0.104,85,1.11567,2.707
12,2.707,14077345,0.017133333,2.6584,-0.01,84.879997,1.11011,2.67
13,2.67,16940832,0.0176,2.662,-0.02,82.769997,1.11567,2.698
14,2.698,13664940,0.0246,2.6598,0.029,79.120003,1.10826,2.712
15,2.712,12220025,0.029166667,2.6593,0.104,81.059998,1.11048,2.706
16,2.706,16831939,0.029833333,2.6609,0.072,81.400002,1.15644,2.659
17,2.659,10269929,0.028933333,2.6599,0.07,81.870003,1.1531,2.612
18,2.612,13650653,0.025133333,2.6603,-0.004,81.029999,1.162,2.594
19,2.594,16346579,0.024566667,2.6563,-0.113,81.300003,1.16015,2.585
20,2.585,10679011,0.021133333,2.6559,-0.085,81.5,1.16756,2.527
21,2.527,17065166,0.024066667,2.647,-0.171,78.089996,1.1494,2.577
22,2.577,16632655,0.033566667,2.634,-0.135,79.150002,1.16756,2.587
23,2.587,12543955,0.037433333,2.6257,-0.119,81.239998,1.16422,2.64
24,2.64,17965219,0.0399,2.6199,-0.019,84.580002,1.11567,2.616
25,2.616,13954540,0.0468,2.6103,0.004,82.010002,1.09751,2.63
26,2.63,15393073,0.0524,2.6027,0.036,79.300003,1.01967,2.66
27,2.66,11391249,0.051133333,2.6028,0.075,79.919998,1.04524,2.67
28,2.67,13306017,0.0435,2.6086,0.143,79.830002,1.05636,2.666
29,2.666,13687634,0.031666667,2.6158,0.089,80.910004,1.03524,2.595
30,2.595,21365703,0.024733333,2.6168,0.008,80.230003,1.11196,2.637
31,2.637,12840338,0.011866667,2.6278,-0.003,81.449997,1.13049,2.69
32,2.69,10584793,0.004733333,2.6391,0.074,81.129997,1.18609,2.683
33,2.683,12292806,-0.003233333,2.6487,0.053,80.269997,1.22872,2.65
34,2.65,14390313,-0.006566667,2.6497,-0.01,80.919998,1.19721,2.663
35,2.663,46217172,-0.013066667,2.6544,-0.007,82.730003,1.19795,2.551
36,2.551,28896247,-0.0098,2.6465,-0.115,82.769997,1.15644,2.538
37,2.538,22618838,-0.001966667,2.6343,-0.057,83.910004,1.16015,2.511
38,2.511,18833792,0.0107,2.6184,-0.126,84.660004,1.1746,2.487
39,2.487,20029588,0.0237,2.6005,-0.203,84.230003,1.19351,2.565
40,2.565,19120897,0.0259,2.5975,-0.118,84.400002,1.17497,2.565
41,2.565,14549112,0.0314,2.5903,-0.085,84.540001,1.19869,2.59
42,2.59,30938601,0.0375,2.5803,-0.073,86.410004,1.1898,2.611
43,2.611,23102727,0.042733333,2.5731,0.06,85.599998,1.18053,2.53
44,2.53,24615364,0.049133333,2.5611,-0.008,85.910004,1.162,2.516
45,2.516,20153208,0.0573,2.5464,0.005,86.150002,1.11715,2.516
46,2.516,13222615,0.054466667,2.5429,0.029,86.900002,1.2454,2.477
47,2.477,17950556,0.0545,2.5368,-0.088,85.830002,1.30618,2.505
48,2.505,14606047,0.051533333,2.5362,-0.06,85.110001,1.31953,2.485
49,2.485,10420049,0.0481,2.536,-0.105,84.730003,1.31582,2.435
50,2.435,20628539,0.0561,2.523,-0.176,83.309998,1.31397,2.416
51,2.416,26416735,0.0673,2.5081,-0.114,81.480003,1.31656,2.361
52,2.361,21170604,0.083,2.4852,-0.155,81.860001,1.31953,2.412
53,2.412,15734481,0.097066667,2.4653,-0.104,82.489998,1.31953,2.467
54,2.467,19120942,0.0976,2.459,-0.01,84.589996,1.33917,2.496
55,2.496,16752012,0.0956,2.457,-0.009,85.230003,1.40107,2.497
56,2.497,11972709,0.093066667,2.4551,0.012,84.449997,1.48262,2.511
57,2.511,17552960,0.0847,2.4585,0.076,82.300003,1.53451,2.464
58,2.464,18942312,0.081933333,2.4544,0.048,78.959999,1.54822,2.448
59,2.448,11383333,0.078366667,2.4507,0.087,79.43,1.53451,2.513
60,2.513,11478121,0.067833333,2.4585,0.101,80.589996,1.52413,2.562
61,2.562,19349067,0.050733333,2.4731,0.095,80.699997,1.52672,2.637
62,2.637,27256495,0.021366667,2.5007,0.141,79.919998,1.54377,2.61
63,2.61,14646981,-0.000866667,2.5205,0.113,80.07,1.55675,2.6
64,2.6,17664326,-0.015833333,2.5338,0.089,78.089996,1.60938,2.6
65,2.6,12503187,-0.028333333,2.5442,0.136,76.669998,1.63051,2.573
66,2.573,15128206,-0.0352,2.5518,0.125,76.669998,1.60827,2.583
67,2.583,10193638,-0.0409,2.559,0.07,77.089996,1.62161,2.644
68,2.644,13874864,-0.054466667,2.577,0.082,78.900002,1.66424,2.644
69,2.644,11990438,-0.068833333,2.5966,0.007,78.230003,1.66479,2.664
70,2.664,13061564,-0.080633333,2.6117,0.054,78,1.642,2.623
71,2.623,15645570,-0.0848,2.6178,0.023,77.480003,1.67906,2.647
72,2.647,16800048,-0.0839,2.6188,0.047,76.720001,1.71594,2.669
73,2.669,9711159,-0.087866667,2.6247,0.096,77.779999,1.72502,2.653
74,2.653,13498286,-0.089066667,2.63,0.07,79.199997,1.77914,2.632
75,2.632,10396561,-0.0884,2.6332,-0.012,77.639999,1.8403,2.639
76,2.639,10717711,-0.0909,2.6398,-0.005,77.660004,1.85327,2.672
77,2.672,12604991,-0.0933,2.6487,0.008,77.300003,1.89033,2.694
78,2.694,5602812,-0.092,2.6537,0.071,78.410004,1.89886,2.729
79,2.729,25796178,-0.092366667,2.6622,0.082,80,1.9122,2.731
80,2.731,12053184,-0.0892,2.6689,0.062,80.699997,1.89404,2.701
81,2.701,10862435,-0.0875,2.6767,0.048,80.120003,1.91888,2.711
82,2.711,19580258,-0.082233333,2.6831,0.079,79.650002,1.97559,2.666
83,2.666,14810270,-0.073466667,2.6828,0.027,79.459999,2.02006,2.634
84,2.634,11943154,-0.066,2.6809,-0.038,80.32,2.05342,2.637
85,2.637,10649977,-0.0618,2.6814,-0.057,80.900002,2.05713,2.629
86,2.629,17770443,-0.0564,2.6804,-0.1,81.910004,2.05528,2.759
87,2.759,39061177,-0.056833333,2.6891,0.028,82.160004,2.08233,2.736
88,2.736,13447017,-0.051966667,2.6933,0.035,81.959999,2.07566,2.759
89,2.759,13738003,-0.0446,2.6963,0.048,83.580002,2.06084,2.736
90,2.736,13742637,-0.037666667,2.6968,0.07,82.739998,1.93852,2.723
91,2.723,7331842,-0.0345,2.699,0.089,82.599998,1.93852,2.748
92,2.748,12858784,-0.0345,2.7027,0.111,82.540001,1.96447,2.723
93,2.723,15532806,-0.036433333,2.7084,0.094,82.5,1.93667,2.769
94,2.769,17414413,-0.0443,2.7219,0.01,82.209999,1.94482,2.759
95,2.759,16234667,-0.0512,2.7341,0.023,81.419998,1.94111,2.736
96,2.736,16050260,-0.056466667,2.7448,-0.023,80.790001,1.95038,2.718
97,2.718,20345241,-0.047866667,2.7407,-0.018,78.470001,1.96521,2.683
98,2.683,8726157,-0.041266667,2.7354,-0.04,77.089996,1.96447,2.675
99,2.675,8700727,-0.031833333,2.727,-0.073,77.419998,1.89033,2.68
100,2.68,12315317,-0.0257,2.7214,-0.043,76.150002,1.88996,2.604
101,2.604,19355685,-0.014433333,2.7095,-0.165,75.150002,1.89033,2.658
102,2.658,13602912,-0.005066667,2.7005,-0.101,75.050003,1.88477,2.661
103,2.661,14289915,0.000866667,2.6943,-0.075,75.699997,1.88589,2.638
104,2.638,10669194,0.013466667,2.6812,-0.08,76.410004,1.88292,2.587
105,2.587,46365491,0.029166667,2.664,-0.096,76.279999,1.83974,2.594
106,2.594,24406969,0.041866667,2.6498,-0.081,77.050003,1.83103,2.533
107,2.533,14803489,0.055733333,2.6313,-0.147,77.129997,1.82139,2.461
108,2.461,22040334,0.070166667,2.6091,-0.143,75.139999,1.7986,2.417
109,2.417,16694863,0.085566667,2.5833,-0.241,74.739998,1.76098,2.453
110,2.453,15521235,0.099,2.5606,-0.208,77,1.74207,2.38
111,2.38,22796640,0.1107,2.5382,-0.258,74.709999,1.72317,2.369
112,2.369,21105660,0.1282,2.5093,-0.218,73.949997,1.70223,2.37
113,2.37,16019469,0.147433333,2.4802,-0.224,74.330002,1.70371,2.316
114,2.316,20717530,0.169033333,2.448,-0.217,74,1.67721,2.41
115,2.41,23255178,0.179166667,2.4303,-0.051,74.120003,1.67017,2.391
116,2.391,20248309,0.191533333,2.41,-0.026,73.599998,1.65478,2.372
117,2.372,27473174,0.194733333,2.3939,-0.081,73.720001,1.63755,2.398
118,2.398,13898373,0.189766667,2.3876,0.018,73.410004,1.63922,2.399
119,2.399,14891807,0.179566667,2.3858,0.03,74.150002,1.64941,2.369
120,2.369,15481034,0.175733333,2.3774,-0.001,74.019997,1.66034,2.387
121,2.387,12719499,0.163833333,2.3781,0.071,74.75,1.642,2.36
122,2.36,13644117,0.1518,2.3772,-0.05,72.650002,1.64422,2.315
123,2.315,16862114,0.1437,2.3717,-0.076,71.510002,1.60697,2.282
124,2.282,19811570,0.130866667,2.3683,-0.09,73.010002,1.61142,2.388
125,2.388,33030027,0.1207,2.3661,-0.01,72.800003,1.58714,2.384
126,2.384,14952051,0.109666667,2.3654,-0.015,72.959999,1.58844,2.35
127,2.35,14112509,0.0996,2.3632,-0.019,72.290001,1.56472,2.377
128,2.377,13469997,0.0915,2.3611,-0.01,70.400002,1.54007,2.45
129,2.45,19144730,0.0789,2.3662,0.09,71.300003,1.56564,2.488
130,2.488,19482511,0.0606,2.3781,0.173,70.519997,1.5712,2.525
131,2.525,17039024,0.044166667,2.3919,0.243,69.269997,1.59381,2.522
132,2.522,13741237,0.023433333,2.4081,0.134,72.5,1.64978,2.536
133,2.536,10953050,-0.002833333,2.4302,0.152,73.190002,1.70501,2.478
134,2.478,9989003,-0.027766667,2.4498,0.128,72.440002,1.73837,2.508
135,2.508,8515535,-0.0424,2.4618,0.131,72.209999,1.70501,2.472
136,2.472,9247950,-0.055266667,2.4706,0.022,73.870003,1.66794,2.444
137,2.444,10953094,-0.067633333,2.48,-0.044,73.449997,1.67814,2.453
138,2.453,5634831,-0.0755,2.4876,-0.072,74.82,1.68648,2.483
139,2.483,5895621,-0.0766,2.4909,-0.039,75.349998,1.70871,2.494
140,2.494,6668919,-0.075833333,2.4915,-0.042,74.879997,1.73114,2.513
141,2.513,6379093,-0.0702,2.4903,0.035,75.290001,1.74207,2.494
142,2.494,7055559,-0.063233333,2.4875,-0.014,76.410004,1.748,2.518
143,2.518,3261598,-0.0565,2.4857,0.046,77.400002,1.76061,2.497
144,2.497,7479778,-0.052366667,2.4876,0.053,77.730003,1.76135,2.517
145,2.517,8427813,-0.0497,2.4885,0.064,77.639999,1.76302,2.484
146,2.484,6567106,-0.0478,2.4897,0.001,75.769997,1.76617,2.525
147,2.525,13406943,-0.0508,2.4978,0.031,74.510002,1.80138,2.545
148,2.545,10551869,-0.0551,2.507,0.032,74.349998,1.76394,2.545
149,2.545,10075322,-0.056433333,2.5132,0.051,74.050003,1.74207,2.567
150,2.567,10169615,-0.057133333,2.5205,0.049,73.980003,1.73744,2.581
151,2.581,10726326,-0.057466667,2.5273,0.084,73.830002,1.73837,2.557
152,2.557,12824053,-0.0572,2.5336,0.04,73.110001,1.72873,2.561
153,2.561,6568396,-0.0533,2.5379,0.077,73.160004,1.7013,2.561
154,2.561,10539093,-0.0504,2.5443,0.036,72.75,1.67498,2.527
155,2.527,11599174,-0.046766667,2.5453,-0.018,73.559998,1.66053,2.531
156,2.531,5727464,-0.046566667,2.55,-0.014,73.419998,1.6457,2.501
157,2.501,5620843,-0.039133333,2.5476,-0.066,74.239998,1.67739,2.445
158,2.445,7598179,-0.026866667,2.5376,-0.136,73.230003,1.67165,2.455
159,2.455,10413613,-0.0177,2.5286,-0.102,72.25,1.64941,2.478
160,2.478,10565932,-0.009133333,2.5197,-0.083,71.919998,1.65497,2.462
161,2.462,9499757,0.000666667,2.5078,-0.099,71.989998,1.64607,2.497
162,2.497,17574382,0.005833333,2.5018,-0.03,71.25,1.59974,2.495
163,2.495,7533509,0.011066667,2.4952,-0.036,70.940002,1.58547,2.44
164,2.44,8599538,0.0219,2.4831,-0.061,71.32,1.5675,2.429
165,2.429,11228123,0.029066667,2.4733,-0.016,71.879997,1.56638,2.43
166,2.43,11618198,0.037766667,2.4632,-0.025,73.510002,1.56305,2.485
167,2.485,13118234,0.040733333,2.4616,0.007,72.779999,1.54007,2.521
168,2.521,10780304,0.0354,2.4692,0.059,72.599998,1.55934,2.537
169,2.537,11049673,0.029,2.4774,0.04,72.68,1.55415,2.49
170,2.49,10638293,0.027666667,2.4786,-0.005,71.910004,1.53173,2.415
171,2.415,11942568,0.0291,2.4739,-0.025,70.669998,1.5119,2.485
172,2.485,15720404,0.03,2.4727,0.056,70.660004,1.54785,2.509
173,2.509,8719350,0.0283,2.4741,0.079,70.139999,1.54748,2.472
174,2.472,7542675,0.024266667,2.4773,-0.013,69.449997,1.59956,2.402
175,2.402,15417809,0.023133333,2.4746,-0.119,67.800003,1.57639,2.384
176,2.384,13721638,0.0244,2.47,-0.153,67.879997,1.58269,2.347
177,2.347,15112215,0.032266667,2.4562,-0.143,67.18,1.62346,2.293
178,2.293,12383257,0.046666667,2.4334,-0.122,66.550003,1.60845,2.334
179,2.334,16688455,0.059933333,2.4131,-0.151,66.690002,1.65478,2.236
180,2.236,23936945,0.0743,2.3877,-0.273,66,1.63866,2.179
181,2.179,31555957,0.0845,2.3641,-0.293,66.43,1.60697,2.23
182,2.23,21490537,0.0991,2.3386,-0.172,59.139999,1.63829,2.268
183,2.268,16097756,0.113433333,2.3145,-0.116,59.169998,1.6079,2.319
184,2.319,17743160,0.120666667,2.2992,-0.028,60.849998,1.63254,2.283
185,2.283,14632838,0.124433333,2.2873,-0.01,63.049999,1.66201,2.314
186,2.314,13848928,0.1242,2.2803,-0.02,60.240002,1.67739,2.392
187,2.392,21599153,0.116066667,2.2848,0.156,60,1.66794,2.395
188,2.395,15907735,0.1042,2.295,0.216,58.740002,1.70501,2.506
189,2.506,27021517,0.0887,2.3122,0.276,57.560001,1.75134,2.548
190,2.548,26564413,0.059833333,2.3434,0.28,58.279999,1.76246,2.592
191,2.592,21208081,0.022866667,2.3847,0.273,60.689999,1.77673,2.617
192,2.617,26358983,-0.011833333,2.4234,0.334,61.009998,1.84178,2.603
193,2.603,16051601,-0.041733333,2.4569,0.289,61.290001,1.81917,2.55
194,2.55,14797833,-0.061166667,2.48,0.158,60.5,1.87514,2.595
195,2.595,15079280,-0.086833333,2.5112,0.2,62.360001,1.85883,2.553
196,2.553,14626369,-0.106633333,2.5351,0.047,62.16,1.88663,2.564
197,2.564,9707456,-0.1212,2.5523,0.016,61.259998,1.87328,2.553
198,2.553,10549800,-0.135933333,2.5681,-0.039,61.68,1.87254,2.6
199,2.6,21784842,-0.143233333,2.5775,-0.017,62.360001,1.83288,2.591
200,2.591,17865084,-0.144166667,2.5818,-0.012,61.259998,1.81639,2.595
201,2.595,20290675,-0.138466667,2.5821,0.045,61.709999,1.80879,2.586
202,2.586,11709353,-0.132,2.579,-0.009,64.849998,1.79508,2.632
203,2.632,10237017,-0.1308,2.5819,0.079,65.300003,1.77562,2.681
204,2.681,14462851,-0.136933333,2.595,0.117,65.699997,1.71464,2.689
205,2.689,17948621,-0.136766667,2.6044,0.136,65.379997,1.72725,2.678
206,2.678,12850003,-0.139466667,2.6169,0.078,66.139999,1.74041,2.688
207,2.688,19086369,-0.1405,2.6293,0.097,65.790001,1.8162,2.586
208,2.586,22653842,-0.134033333,2.6326,-0.009,65.870003,1.79081,2.623
209,2.623,20646420,-0.1267,2.6349,0.037,67.059998,1.87736,2.648
210,2.648,13707958,-0.118666667,2.6406,0.016,68.650002,1.94593,2.706
211,2.706,12347782,-0.1122,2.6517,0.025,67.580002,1.97188,2.67
212,2.67,16760210,-0.105933333,2.6601,-0.019,68.32,2.00524,2.641
213,2.641,11382893,-0.0944,2.661,-0.037,68.279999,2.16499,2.654
214,2.654,13511545,-0.080533333,2.6583,-0.034,68.540001,2.18093,2.65
215,2.65,9702578,-0.0644,2.6544,0.064,66.470001,2.20947,2.624
216,2.624,14154339,-0.048666667,2.649,0.001,65.529999,2.21354,2.656
217,2.656,13966891,-0.036666667,2.6458,0.008,66.010002,2.27915,2.625
218,2.625,10563477,-0.0329,2.6497,-0.081,64.949997,2.23356,2.575
219,2.575,14838934,-0.0258,2.6449,-0.095,65.120003,2.23912,2.564
220,2.564,15323211,-0.016866667,2.6365,-0.077,63.860001,2.24246,2.559
221,2.559,8724832,-0.003266667,2.6218,-0.095,64.389999,2.22985,2.489
222,2.489,14550675,0.010566667,2.6037,-0.161,62.889999,2.2154,2.481
223,2.481,14746175,0.0225,2.5877,-0.143,61.509998,2.14979,2.531
224,2.531,19461842,0.034166667,2.5754,-0.125,64.709999,2.12941,2.508
225,2.508,11527922,0.045466667,2.5612,-0.117,63.529999,2.11866,2.612
226,2.612,20054926,0.048633333,2.56,0.037,66.419998,2.20539,2.63
227,2.63,25304117,0.053433333,2.5574,0.066,66.370003,2.18686,2.648
228,2.648,10330696,0.0543,2.5597,0.089,66.940002,2.2988,2.657
229,2.657,6724776,0.048,2.5679,0.168,68.410004,2.31992,2.642
230,2.642,1394192,0.0419,2.5757,0.161,67.949997,2.31659,2.638
231,2.638,4933167,0.035433333,2.5836,0.107,68.110001,2.34846,2.613
232,2.613,5831279,0.023933333,2.596,0.105,68.089996,2.38516,2.628
233,2.628,1654595,0.0091,2.6107,0.016,67.93,2.41889,2.587
234,2.587,7426023,0.000366667,2.6163,-0.043,68.18,2.41222,2.519
235,2.519,14117404,-0.0064,2.6174,-0.129,67.220001,2.34883,2.523
236,2.523,15392012,-0.002666667,2.6085,-0.134,66.400002,2.26655,2.528
237,2.528,10042479,0.0022,2.5983,-0.114,65.760002,2.27915,2.57
238,2.57,13077506,0.009466667,2.5905,-0.068,68.139999,2.26099,2.54
239,2.54,12458585,0.0184,2.5788,-0.073,67.040001,2.2836,2.53
240,2.53,12524817,0.025666667,2.5676,-0.098,68.239998,2.29212,2.524
241,2.524,15341519,0.031,2.5562,-0.063,66.32,2.36959,2.475
242,2.475,15936010,0.0383,2.5424,-0.044,65.059998,2.39924,2.485
243,2.485,16185919,0.0474,2.5281,-0.038,66.089996,2.38886,2.579
244,2.579,39558331,0.0457,2.5273,0.051,65.949997,2.42445,2.644
245,2.644,14674247,0.033,2.5398,0.074,65.080002,2.43705,2.671
246,2.671,12475294,0.019766667,2.5546,0.131,64.900002,2.45484,2.683
247,2.683,18378473,0.005166667,2.5701,0.153,64.870003,2.40925,2.709
248,2.709,19025664,-0.005933333,2.584,0.185,63.110001,2.41629,2.765
249,2.765,28842151,-0.0221,2.6065,0.29,62.119999,2.58716,2.71
250,2.71,15691699,-0.035233333,2.6245,0.225,62.509998,2.65314,2.703
251,2.703,10310318,-0.048333333,2.6424,0.124,62.630001,2.66574,2.687
252,2.687,11194131,-0.062933333,2.6636,0.043,63.43,2.68168,2.75
253,2.75,16686031,-0.080466667,2.6901,0.079,63.950001,2.71022,2.747
254,2.747,24365672,-0.090066667,2.7069,0.064,64.419998,2.74655,2.756
255,2.756,16227747,-0.093,2.7181,0.047,63.139999,2.66723,2.795
256,2.795,24632255,-0.0993,2.7305,0.03,65.440002,2.80029,2.847
257,2.847,45786072,-0.108466667,2.7469,0.137,66.160004,2.8911,2.831
258,2.831,21190210,-0.114566667,2.7591,0.128,65.559998,2.93706,2.849
259,2.849,20870277,-0.116566667,2.7675,0.162,65.400002,2.94596,2.844
260,2.844,14860055,-0.123233333,2.7809,0.094,65.400002,2.8759,2.978
261,2.978,31600818,-0.1394,2.8084,0.231,65.459999,2.8848,3.024
262,3.024,25512796,-0.1594,2.8421,0.268,67.050003,2.953,3.019
263,3.019,26607638,-0.173266667,2.869,0.224,69.010002,2.93261,3.072
264,3.072,26772643,-0.1896,2.9015,0.225,70.730003,2.8911,3.078
265,3.078,10322476,-0.203166667,2.9337,0.247,70.660004,2.97005,3.069
266,3.069,18446607,-0.212366667,2.9611,0.22,70.510002,2.97783,3.02
267,3.02,31735986,-0.213266667,2.9784,0.176,71.699997,3.06605,3.038
268,3.038,12434303,-0.218366667,2.9991,0.06,72.620003,3.10608,3.007
269,3.007,16648406,-0.2186,3.0149,-0.017,69.93,3.09385,2.991
270,2.991,13675108,-0.217933333,3.0296,-0.028,69.529999,3.11349,2.99
271,2.99,12093313,-0.2036,3.0308,-0.082,69.410004,3.11757,3.038
272,3.038,12952518,-0.186233333,3.0322,-0.04,71.349998,3.15056,3.039
273,3.039,9185892,-0.169766667,3.0342,-0.03,72.470001,3.25249,3.052
274,3.052,14919255,-0.152,3.0322,0.032,72.540001,3.30253,3.073
275,3.073,11597461,-0.1372,3.0317,0.035,72.489998,3.41224,3.036
276,3.036,11018051,-0.121733333,3.0284,0.029,72.449997,3.36739,3.09
277,3.09,23135408,-0.115166667,3.0354,0.099,72.199997,3.46821,3.077
278,3.077,11302064,-0.1068,3.0393,0.087,70.339996,3.52455,3.067
279,3.067,17498358,-0.102733333,3.0453,0.029,70.800003,3.59127,3.056
280,3.056,14051606,-0.0977,3.0518,0.017,71.080002,3.42632,3.01
281,3.01,13156613,-0.089466667,3.0538,-0.042,69.779999,3.45116,3.084
282,3.084,11187251,-0.080833333,3.0584,0.011,70.610001,3.70394,3.078
283,3.078,8196341,-0.0738,3.0623,0.042,72.849998,3.75287,3.068
284,3.068,7963325,-0.0647,3.0639,-0.022,73.940002,3.81773,3.05
285,3.05,10330962,-0.0526,3.0616,-0.027,74.309998,3.87333,3.028
286,3.028,15835804,-0.044033333,3.0608,-0.039,75.199997,3.81773,3.011
287,3.011,10519382,-0.030666667,3.0529,-0.045,75.620003,3.85851,3.003
288,3.003,10347870,-0.017533333,3.0455,-0.007,76.370003,3.84553,3.046
289,3.046,16617215,-0.008866667,3.0434,-0.038,76.519997,3.81959,3.057
290,3.057,6077601,-0.001866667,3.0435,-0.021,75.940002,3.68986,3.119
291,3.119,13075457,-0.008066667,3.0544,0.051,76.040001,3.63055,3.181
292,3.181,22117515,-0.012533333,3.0641,0.131,74.120003,3.60238,3.227
293,3.227,20792168,-0.0205,3.079,0.199,73.900002,3.64946,3.265
294,3.265,27373730,-0.033766667,3.0987,0.254,73.18,3.6628,3.282
295,3.282,15239905,-0.050166667,3.1219,0.279,75.550003,3.7399,3.159
296,3.159,25079905,-0.060266667,3.135,0.113,74.169998,3.73804,3.241
297,3.241,21462466,-0.0759,3.158,0.184,75.75,3.7436,3.33
298,3.33,21082783,-0.098866667,3.1907,0.211,75.620003,3.81773,3.345
299,3.345,15336610,-0.1175,3.2206,0.164,77,3.86407,3.288
300,3.288,13600618,-0.1307,3.2437,0.061,76.510002,3.87519,3.329
301,3.329,10663450,-0.1404,3.2647,0.064,77.400002,3.95858,3.354
302,3.354,13172834,-0.147166667,3.282,0.072,78.269997,4.02715,3.423
303,3.423,15051348,-0.153966667,3.3016,0.264,78.620003,4.00306,3.385
304,3.385,14800740,-0.154866667,3.3136,0.144,79.419998,3.98082,3.365
305,3.365,15303525,-0.153433333,3.3219,0.035,80.059998,3.92152,3.273
306,3.273,17351108,-0.156933333,3.3333,-0.072,81.339996,3.84739,3.169
307,3.169,19171120,-0.1471,3.3261,-0.119,80.400002,3.73063,3.268
308,3.268,19627003,-0.134533333,3.3199,-0.061,80.690002,3.71951,3.3
309,3.3,10053435,-0.122266667,3.3154,-0.054,81.580002,3.81218,3.295
310,3.295,10006656,-0.115,3.3161,-0.128,83.160004,3.72692,3.265
311,3.265,13144323,-0.1001,3.3097,-0.12,82.559998,3.71395,3.433
312,3.433,25477813,-0.096366667,3.3176,0.068,82.629997,3.7399,3.448
313,3.448,15505034,-0.086533333,3.3201,0.175,83.82,3.80847,3.361
314,3.361,19969982,-0.074366667,3.3177,0.192,82.57,3.62462,3.264
315,3.264,19265544,-0.057133333,3.3076,-0.004,81.199997,3.42225,3.309
316,3.309,22857615,-0.051366667,3.3112,0.009,83.099998,3.49823,3.404
317,3.404,16528763,-0.061766667,3.3347,0.109,83.75,3.59052,3.368
318,3.368,15412848,-0.0596,3.3447,0.103,83.190002,3.53381,3.312
319,3.312,17452887,-0.051933333,3.3459,-0.121,80.089996,3.50416,3.344
320,3.344,17569444,-0.047266667,3.3508,-0.104,79.709999,3.4949,3.4
321,3.4,13740888,-0.0514,3.3643,0.039,81.040001,3.45894,3.412
322,3.412,6959456,-0.0416,3.3622,0.148,80.93,3.56643,3.343
323,3.343,9916610,-0.027233333,3.3517,0.034,80.220001,3.88631,3.322
324,3.322,12347334,-0.021433333,3.3478,-0.082,80.040001,4.15318,3.332
325,3.332,7127265,-0.026566667,3.3546,-0.036,80.949997,4.15318,3.396
326,3.396,14289869,-0.027366667,3.3633,0.084,80.989998,4.24028,3.408
327,3.408,8264598,-0.0222,3.3637,0.064,81.699997,4.21804,3.486
328,3.486,15028328,-0.0288,3.3755,0.086,82.050003,4.28476,3.401
329,3.401,42812200,-0.035833333,3.3844,-0.011,82.010002,4.78143,3.399
330,3.399,16755206,-0.037633333,3.3899,0.056,82.519997,4.7592,3.411
331,3.411,15873730,-0.036,3.391,0.089,82.019997,4.85927,3.356
332,3.356,5451626,-0.030333333,3.3854,0.024,82.050003,4.86298,3.327
333,3.327,11373050,-0.031933333,3.3838,-0.069,81.279999,4.54422,3.38
334,3.38,14018190,-0.0379,3.3896,-0.028,82.089996,4.54051,3.362
335,3.362,10918562,-0.041,3.3926,-0.124,81.870003,4.52568,3.304
336,3.304,12389056,-0.030766667,3.3834,-0.097,79.639999,4.39225,3.268
337,3.268,10474212,-0.013466667,3.3694,-0.131,80.019997,4.52754,3.253
338,3.253,11777875,0.009333333,3.3461,-0.158,80.419998,4.35518,3.251
339,3.251,19901841,0.0227,3.3311,-0.105,80.760002,4.24399,3.368
340,3.368,35680419,0.028233333,3.328,0.041,80.290001,4.22916,3.347
341,3.347,18408229,0.037366667,3.3216,-0.033,79.190002,4.16986,3.307
342,3.307,11459466,0.038066667,3.3167,-0.055,79.330002,4.14576,3.253
343,3.253,13151311,0.038966667,3.3093,-0.051,78.099998,4.14947,3.318
344,3.318,14933036,0.043733333,3.3031,0.05,79.290001,4.21063,3.313
345,3.313,10809891,0.050266667,3.2982,0.06,80.230003,4.35889,3.313
346,3.313,10241282,0.0495,3.2991,0.062,80.220001,4.38113,3.239
347,3.239,12023687,0.0469,3.2962,-0.129,79.410004,4.37001,3.185
348,3.185,20872822,0.0476,3.2894,-0.162,79.690002,4.28847,3.182
349,3.182,11528836,0.050166667,3.2825,-0.125,80.050003,4.21433,3.212
350,3.212,13013886,0.061366667,3.2669,-0.041,81.669998,4.24955,3.203
351,3.203,12227268,0.0692,3.2525,-0.115,82.190002,4.26623,3.368
352,3.368,19875686,0.061633333,3.2586,0.055,84.029999,4.80553,3.417
353,3.417,17241126,0.0477,3.275,0.104,83.800003,4.8185,3.378
354,3.378,11037003,0.043566667,3.281,0.139,83.68,4.58684,3.437
355,3.437,22621071,0.034666667,3.2934,0.252,83.970001,4.86113,3.486
356,3.486,17260475,0.020366667,3.3107,0.304,84.870003,4.91672,3.437
357,3.437,25839291,0.001533333,3.3305,0.225,82.010002,4.65727,3.43
358,3.43,23262700,-0.024833333,3.355,0.227,79.879997,4.57943,3.4
359,3.4,19564688,-0.046666667,3.3768,0.032,82.059998,4.68136,3.357
360,3.357,13964091,-0.062566667,3.3913,-0.06,80.089996,4.62761,3.373
361,3.373,11758339,-0.080833333,3.4083,-0.005,78.68,4.5924,3.28
362,3.28,14746025,-0.074566667,3.3995,-0.157,78.470001,4.61093,3.195
363,3.195,12569964,-0.056766667,3.3773,-0.291,77.860001,4.3348,3.232
364,3.232,12739052,-0.0471,3.3627,-0.205,78.269997,4.18098,3.301
365,3.301,8109383,-0.035533333,3.3491,-0.129,79.260002,4.25325,3.415
366,3.415,15213416,-0.024733333,3.342,0.015,80.730003,4.3385,3.475
367,3.475,13107409,-0.021633333,3.3458,0.118,82.239998,4.42561,3.524
368,3.524,14534334,-0.022,3.3552,0.151,82.120003,4.48306,3.558
369,3.558,15517607,-0.027566667,3.371,0.278,83.129997,4.53124,3.548
370,3.548,17091360,-0.040666667,3.3901,0.353,78.949997,4.67951,3.593
371,3.593,17642513,-0.054466667,3.4121,0.361,79.809998,4.77958,3.555
372,3.555,14757414,-0.0737,3.4396,0.254,79.349998,4.72028,3.543
373,3.543,10987369,-0.098833333,3.4744,0.128,78.900002,4.67024,3.541
374,3.541,9507143,-0.1223,3.5053,0.066,78.589996,4.6758,3.568
375,3.568,11000923,-0.1405,3.532,0.044,79.300003,4.60352,3.539
376,3.539,11550091,-0.145366667,3.5444,-0.019,79.010002,4.36816,3.456
377,3.456,11507330,-0.136233333,3.5425,-0.092,77.580002,4.24213,3.471
378,3.471,9110586,-0.1214,3.5372,-0.122,78.419998,4.24769,3.598
379,3.598,24902979,-0.111533333,3.5412,0.043,77.650002,4.4219,3.615
380,3.615,19624692,-0.1048,3.5479,0.072,79.010002,4.24399,3.6
381,3.6,17540487,-0.092266667,3.5486,0.059,78.190002,4.26252,3.63
382,3.63,17581143,-0.091033333,3.5561,0.062,78.260002,4.29032,3.616
383,3.616,14354645,-0.0917,3.5634,0.077,78.529999,4.35333,3.64
384,3.64,14851496,-0.092866667,3.5733,0.184,78.5,4.48306,3.624
385,3.624,9090129,-0.092233333,3.5789,0.153,78.589996,4.34221,3.582
386,3.582,8237813,-0.093333333,3.5832,-0.016,78.129997,4.37557,3.62
387,3.62,8134851,-0.103633333,3.5996,0.005,78.769997,4.20087,3.606
388,3.606,7980860,-0.111266667,3.6131,0.006,78.25,4.2876,3.573
389,3.573,13754671,-0.103,3.6106,-0.057,76.029999,3.98812,3.551
390,3.551,10083419,-0.090133333,3.6042,-0.065,77.160004,3.92437,3.539
391,3.539,7393560,-0.0785,3.5981,-0.101,77.110001,3.92067,3.513
392,3.513,9706318,-0.059033333,3.5864,-0.111,76.360001,3.85469,3.57
393,3.57,7370661,-0.041933333,3.5818,-0.012,76.610001,3.96811,3.529
394,3.529,5997797,-0.020933333,3.5707,-0.091,75.690002,4.0111,3.406
395,3.406,11893318,0.004366667,3.5489,-0.2,74.290001,3.77686,3.315
396,3.315,17416609,0.027733333,3.5222,-0.258,72.43,3.62415,3.158
397,3.158,39975177,0.063366667,3.476,-0.393,71.129997,3.47219,3.306
398,3.306,21775672,0.0861,3.446,-0.233,73.620003,3.77686,3.312
399,3.312,17124696,0.104,3.4199,-0.201,73.849998,3.52111,3.445
400,3.445,17505149,0.111166667,3.4093,-0.125,64.790001,3.76426,3.45
401,3.45,12254042,0.1153,3.4004,-0.079,62.82,3.76796,3.472
402,3.472,10303795,0.116633333,3.3963,0.066,64.199997,3.76944,3.382
403,3.382,14993893,0.130066667,3.3775,0.067,63.57,3.51222,3.423
404,3.423,11994047,0.136733333,3.3669,0.265,61.599998,3.49369,3.529
405,3.529,12023648,0.123133333,3.3792,0.223,62.279999,3.57967,3.497
406,3.497,15423146,0.103533333,3.3974,0.185,60.580002,3.47219,3.504
407,3.504,8171705,0.070533333,3.432,0.059,59.389999,3.51815,3.522
408,3.522,8559039,0.050633333,3.4536,0.072,59.470001,3.49146,3.508
409,3.508,16245645,0.028033333,3.4732,0.036,60.02,3.59376,3.303
410,3.303,69482886,0.031833333,3.459,-0.079,59.939999,3.53816,3.255
411,3.255,22785631,0.039833333,3.4395,-0.168,59.34,3.40992,3.257
412,3.257,15196731,0.0489,3.418,-0.272,57.73,3.36544,3.257
413,3.257,15101562,0.049433333,3.4055,-0.24,58.450001,3.55076,3.315
414,3.315,18511040,0.0494,3.3947,-0.189,58.450001,3.60784,3.311
415,3.311,14509629,0.060766667,3.3729,-0.211,59.450001,3.63231,3.311
416,3.311,30706500,0.070333333,3.3543,-0.197,59.919998,3.56188,3.391
417,3.391,21733194,0.074,3.343,0.088,59.34,3.53594,3.314
418,3.314,22848589,0.085066667,3.3222,0.059,59.799999,3.35803,3.34
419,3.34,15247279,0.0941,3.3054,0.083,59.130001,3.17345,3.299
420,3.299,16776133,0.0861,3.305,0.042,57.650002,3.16455,3.43
421,3.43,19737283,0.064966667,3.3225,0.115,58.080002,3.2839,3.338
422,3.338,13657344,0.051033333,3.3306,0.027,56.59,3.10525,3.27
423,3.27,15982212,0.039733333,3.3319,-0.041,56.959999,2.80577,3.344
424,3.344,13284973,0.030666667,3.3348,-0.047,58.009998,2.77612,3.2
425,3.2,20642831,0.0349,3.3237,-0.114,56.959999,2.51741,3.212
426,3.212,17578951,0.041366667,3.3138,-0.128,57.02,2.52779,3.3
427,3.3,15255737,0.0552,3.3047,0.001,58.759998,2.61897,3.339
428,3.339,14244777,0.0538,3.3072,-0.091,59.720001,2.77241,3.236
429,3.236,19395423,0.061666667,3.2968,-0.102,59.639999,2.93698,3.197
430,3.197,24059131,0.0636,3.2866,-0.073,60.349998,2.94069,3.17
431,3.17,19722999,0.080266667,3.2606,-0.174,60.360001,3.00814,3.213
432,3.213,11966414,0.084133333,3.2481,0.013,60.220001,2.91326,3.148
433,3.148,22836845,0.088533333,3.2359,-0.064,59.849998,2.93476,3.056
434,3.056,20000767,0.1051,3.2071,-0.244,60.529999,2.92808,3.055
435,3.055,22976044,0.1038,3.1926,-0.284,60.689999,2.95403,3.155
436,3.155,20277316,0.0981,3.1869,-0.081,60.400002,2.92586,3.194
437,3.194,12775690,0.098366667,3.1763,-0.003,62.220001,2.92364,3.219
438,3.219,17588562,0.100266667,3.1643,0.049,61.380001,2.89843,3.198
439,3.198,18034622,0.093733333,3.1605,-0.015,61.560001,2.67605,3.315
440,3.315,20687735,0.082333333,3.1723,0.167,62.060001,2.62267,3.393
441,3.393,21913841,0.064633333,3.1946,0.337,63.209999,2.6501,3.405
442,3.405,17016708,0.050366667,3.2138,0.35,63.07,2.66937,3.309
443,3.309,29454084,0.036,3.2299,0.154,61.25,2.71015,3.255
444,3.255,18504368,0.0141,3.2498,0.061,61.259998,2.44625,3.278
445,3.278,19000118,-0.0093,3.2721,0.059,57,2.3951,3.34
446,3.34,18685856,-0.026833333,3.2906,0.142,57.049999,2.33505,3.346
447,3.346,13799788,-0.043533333,3.3058,0.031,58.869999,2.43365,3.336
448,3.336,10235389,-0.0545,3.3175,-0.057,59.029999,2.52927,3.308
449,3.308,10285471,-0.066566667,3.3285,-0.097,59.889999,2.44625,3.284
450,3.284,8601277,-0.063966667,3.3254,-0.025,59.799999,2.36471,3.247
451,3.247,12506742,-0.055466667,3.3108,-0.008,60.529999,2.35581,3.18
452,3.18,13078063,-0.038233333,3.2883,-0.098,60.369999,2.37064,3.28
453,3.28,23872015,-0.035,3.2854,-0.06,59.369999,2.36471,3.427
454,3.427,29762654,-0.049433333,3.3026,0.081,60.279999,2.42994,3.38
455,3.38,19404528,-0.053633333,3.3128,0.044,60.139999,2.33654,3.437
456,3.437,18045757,-0.055833333,3.3225,0.129,58.509998,2.26463,3.487
457,3.487,13860149,-0.0637,3.3366,0.203,57.720001,2.17938,3.566
458,3.566,15529281,-0.079133333,3.3596,0.319,58.5,2.21793,3.534
459,3.534,9270594,-0.0918,3.3822,0.354,58.509998,2.16159,3.568
460,3.568,8442019,-0.107833333,3.4106,0.288,57.799999,2.08079,3.561
461,3.561,10648985,-0.1262,3.442,0.134,57.41,1.99406,3.509
462,3.509,8402749,-0.149233333,3.4749,0.129,57.66,2.11637,3.493
463,3.493,8803385,-0.159033333,3.4962,0.056,56.849998,1.91845,3.52
464,3.52,10167517,-0.152866667,3.5055,0.033,58.27,1.92957,3.575
465,3.575,9667571,-0.155033333,3.525,0.009,58.599998,2.0756,3.599
466,3.599,8890570,-0.156433333,3.5412,0.065,59.669998,2.1527,3.601
467,3.601,17178864,-0.154266667,3.5526,0.033,59.720001,2.15566,3.582
468,3.582,10891323,-0.143766667,3.5542,0.021,60.060001,2.11563,3.55
469,3.55,8730258,-0.133633333,3.5558,0.041,59.799999,2.01852,3.467
470,3.467,15334937,-0.118466667,3.5457,-0.026,58.09,1.9014,3.439
471,3.439,11867784,-0.104733333,3.5335,-0.081,57.23,1.84062,3.459
472,3.459,8068197,-0.097933333,3.5285,-0.116,57.23,1.7865,3.396
473,3.396,10708789,-0.085333333,3.5188,-0.203,55.889999,1.83469,3.416
474,3.416,19232445,-0.069566667,3.5084,-0.185,55.889999,1.73684,3.38
475,3.38,10158566,-0.046666667,3.4889,-0.202,55.09,1.64417,3.37
476,3.37,13436688,-0.022766667,3.466,-0.18,54.34,1.57005,3.317
477,3.317,13614903,0.004666667,3.4376,-0.15,52.849998,1.48257,3.43
478,3.43,10898206,0.023,3.4224,-0.009,53.150002,1.60489,3.441
479,3.441,7777834,0.038333333,3.4115,-0.018,53.040001,1.81615,3.479
480,3.479,9860220,0.043633333,3.4127,0.083,53.43,1.93402,3.383
481,3.383,17740695,0.053766667,3.4071,-0.033,53.599998,1.8206,3.31
482,3.31,7813594,0.073,3.3922,-0.07,53.450001,1.79391,3.297
483,3.297,11440091,0.083466667,3.3823,-0.073,54.290001,1.79984,3.405
484,3.405,7174917,0.083833333,3.3812,0.088,55.810001,1.91993,3.428
485,3.428,1384335,0.080633333,3.386,-0.002,56.02,1.90659,3.455
486,3.455,5120336,0.072733333,3.3945,0.014,55.529999,1.87916,3.509
487,3.509,5560052,0.054266667,3.4137,0.03,55.830002,1.88287,3.507
488,3.507,5475766,0.0446,3.4214,0.124,55.950001,1.91104,3.419
489,3.419,11882610,0.042966667,3.4192,0.109,53.75,1.914,3.439
490,3.439,11526413,0.042666667,3.4152,0.142,53.849998,2.09265,3.445
491,3.445,10927970,0.0326,3.4214,0.04,52.27,2.13935,3.409
492,3.409,10437849,0.019366667,3.4313,-0.019,51.400002,2.15789,3.34
493,3.34,11456883,0.009966667,3.4356,-0.115,50.580002,2.1097,3.333
494,3.333,9340476,0.010933333,3.4284,-0.176,50.709999,2.10007,3.447
495,3.447,14514575,0.004766667,3.4303,-0.06,55.150002,2.12453,3.395
496,3.395,12678449,0.003966667,3.4243,-0.024,57.759998,2.06226,3.303
497,3.303,21051866,0.014633333,3.4037,-0.136,56.639999,1.91993,3.274
498,3.274,16066418,0.027666667,3.3804,-0.171,55.060001,1.91326,3.218
499,3.218,11070427,0.0367,3.3603,-0.191,54.439999,1.88361,3.251
500,3.251,10434040,0.0483,3.3415,-0.089,56.419998,1.90807,3.185
501,3.185,16731631,0.065833333,3.3155,-0.148,55.959999,1.77093,3.235
502,3.235,14716555,0.075766667,3.2981,-0.212,57.66,1.85248,3.378
503,3.378,12089187,0.071366667,3.3019,-0.017,59.130001,1.85322,3.39
504,3.39,10556912,0.0648,3.3076,0.087,58.25,1.83098,3.46
505,3.46,18216744,0.066166667,3.3089,0.186,56.610001,1.85322,3.493
506,3.493,13418300,0.060466667,3.3187,0.275,55.869999,1.89621,3.448
507,3.448,15985163,0.050333333,3.3332,0.197,54.830002,1.79836,3.559
508,3.559,15774936,0.026133333,3.3617,0.374,55.360001,1.96293,3.513
509,3.513,14296472,-0.000966667,3.3912,0.278,54.82,2.03483,3.446
510,3.446,22554728,-0.021566667,3.4107,0.068,55.110001,2.05336,3.404
511,3.404,26335477,-0.042766667,3.4326,0.014,54.830002,1.98887,3.453
512,3.453,23587352,-0.0598,3.4544,-0.007,55.049999,2.05114,3.447
513,3.447,23052265,-0.0617,3.4613,-0.046,54.740002,1.92512,3.335
514,3.335,25746474,-0.058533333,3.4558,-0.113,52.630001,1.75389,3.275
515,3.275,22941373,-0.045133333,3.4373,-0.284,52.860001,1.66567,3.285
516,3.285,17200260,-0.03,3.4165,-0.228,52.900002,1.69681,3.261
517,3.261,20219333,-0.019566667,3.3978,-0.185,50.5,1.67679,3.267
518,3.267,20616563,0.001633333,3.3686,-0.137,51.259998,1.68569,3.327
519,3.327,10209579,0.017166667,3.35,-0.126,52.830002,1.83617,3.342
520,3.342,14788046,0.024333333,3.3396,-0.105,53.419998,1.87027,3.391
521,3.391,14160008,0.023833333,3.3383,0.056,54.880001,1.97998,3.418
522,3.418,10683848,0.027633333,3.3348,0.143,56,1.9229,3.393
523,3.393,9060259,0.0348,3.3294,0.108,56.27,1.8332,3.464
524,3.464,8899559,0.026266667,3.3423,0.203,57.25,1.96441,3.429
525,3.429,7387995,0.010266667,3.3577,0.162,57.75,1.95922,3.321
526,3.321,11992077,0.0042,3.3613,-0.006,56.290001,1.84136,3.385
527,3.385,17693818,-0.005466667,3.3737,0.043,55.07,1.92735,3.33
528,3.33,16232941,-0.0099,3.38,-0.061,57,1.96441,3.409
529,3.409,13579508,-0.011733333,3.3882,-0.009,58.57,1.96441,3.528
530,3.528,14350930,-0.0211,3.4068,0.135,58.82,2.11267,3.461
531,3.461,10360115,-0.0189,3.4138,-0.003,58.939999,2.11489,3.413
532,3.413,8870742,-0.012466667,3.4133,-0.016,59.09,2.08895,3.424
533,3.424,10484656,-0.014033333,3.4164,0.103,64.480003,2.06078,3.446
534,3.446,16439945,-0.010366667,3.4146,0.061,65,2.02075,3.395
535,3.395,15324827,-0.009133333,3.4112,0.065,64.839996,2.02445,3.423
536,3.423,11568744,-0.021666667,3.4214,0.014,65.410004,2.07412,3.427
537,3.427,16243772,-0.026566667,3.4256,-0.101,65.459999,2.15196,3.514
538,3.514,13616219,-0.046466667,3.444,0.053,65.309998,2.36248,3.575
539,3.575,13501998,-0.061,3.4606,0.162,64.010002,2.37953,3.586
540,3.586,13784856,-0.062133333,3.4664,0.162,63.27,2.31726,3.638
541,3.638,16049152,-0.072033333,3.4841,0.192,63.919998,2.41956,3.659
542,3.659,17323146,-0.089766667,3.5087,0.264,63.580002,2.49962,3.639
543,3.639,15025467,-0.104866667,3.5302,0.216,63.990002,2.49591,3.651
544,3.651,7766374,-0.114833333,3.5507,0.224,63,2.50555,3.664
545,3.664,11451312,-0.128766667,3.5776,0.15,63.330002,2.47812,3.655
546,3.655,11394904,-0.139633333,3.6008,0.08,64.510002,2.39213,3.573
547,3.573,9100410,-0.143833333,3.6154,-0.013,63.18,2.34395,3.645
548,3.645,12397334,-0.144333333,3.6285,0.007,63.959999,2.36619,3.687
549,3.687,9508352,-0.143533333,3.6397,0.028,65.449997,2.36767,3.683
550,3.683,10329632,-0.141866667,3.6494,0.044,64.970001,2.32171,3.638
551,3.638,10863413,-0.133633333,3.6494,-0.013,63.650002,2.27501,3.66
552,3.66,10665333,-0.125666667,3.6495,-0.004,63.459999,2.00741,3.545
553,3.545,12694877,-0.1112,3.6401,-0.11,60.130001,2.0252,3.603
554,3.603,7919283,-0.101766667,3.6353,0.03,61.32,2.01259,3.566
555,3.566,7612591,-0.0874,3.6255,-0.079,60.490002,2.04595,3.465
556,3.465,18536658,-0.0636,3.6065,-0.222,60.470001,2.07041,3.482
557,3.482,11783651,-0.051266667,3.5974,-0.201,58.650002,2.10377,3.525
558,3.525,11184823,-0.032766667,3.5854,-0.113,58.48,2.08079,3.448
559,3.448,21902672,-0.007566667,3.5615,-0.212,60.189999,2.08302,3.45
560,3.45,13107882,0.013133333,3.5382,-0.095,58.91,2.12156,3.485
561,3.485,15110206,0.029233333,3.5229,-0.118,57.669998,2.12008,3.54
562,3.54,12302820,0.045466667,3.5109,-0.026,57.759998,2.11563,3.563
563,3.563,10193442,0.0483,3.5127,0.098,59,2.11341,3.537
564,3.537,10495973,0.057933333,3.5061,0.055,58.150002,2.11267,3.452
565,3.452,13885291,0.071233333,3.4947,-0.073,58.240002,2.06004,3.433
566,3.433,8326907,0.074766667,3.4915,-0.015,58.009998,2.01778,3.388
567,3.388,12805297,0.082866667,3.4821,-0.062,58.5,2.01482,3.38
568,3.38,10679175,0.0929,3.4676,-0.105,58.200001,2.03409,3.399
569,3.399,6973838,0.091933333,3.4627,-0.141,58.860001,2.01778,3.35
570,3.35,10550656,0.094066667,3.4527,-0.213,59.880001,1.99406,3.435
571,3.435,20685644,0.0923,3.4477,-0.102,56.799999,1.96441,3.414
572,3.414,7630638,0.096733333,3.4351,-0.038,57.169998,1.96219,3.45
573,3.45,13050078,0.101733333,3.4238,0.017,55.91,1.94884,3.393
574,3.393,11587141,0.107533333,3.4094,0.005,55.439999,1.91771,3.408
575,3.408,8313335,0.1034,3.405,0.028,55.529999,1.9481,3.36
576,3.36,12233857,0.100866667,3.3977,-0.039,55.509998,1.92735,3.409
577,3.409,7968380,0.0933,3.3998,0.059,56.150002,1.91993,3.464
578,3.464,8835912,0.078866667,3.4082,0.029,57.23,1.96738,3.473
579,3.473,7359154,0.064333333,3.4156,0.059,57.240002,2.03632,3.47
580,3.47,6584567,0.045233333,3.4276,0.02,53.049999,2.08153,3.5
581,3.5,9124509,0.034133333,3.4341,0.107,55.139999,2.07931,3.483
582,3.483,6915875,0.021333333,3.441,0.075,54.299999,2.11341,3.483
583,3.483,8975869,0.015966667,3.4443,0.123,54.240002,2.1312,3.485
584,3.485,7405362,0.002833333,3.4535,0.076,53.830002,2.1401,3.458
585,3.458,8982251,-0.005766667,3.4585,-0.006,53.34,2.09784,3.508
586,3.508,7532074,-0.019133333,3.4733,0.035,54.119999,2.17938,3.472
587,3.472,9947356,-0.025766667,3.4796,0.002,54.07,2.21052,3.481
588,3.481,9157563,-0.028933333,3.4813,-0.019,54.66,2.21422,3.496
589,3.496,8821683,-0.029633333,3.4836,0.013,55.5,2.23127,3.571
590,3.571,9370116,-0.0357,3.4937,0.088,55.919998,2.28316,3.602
591,3.602,8732652,-0.042,3.5039,0.117,55.900002,2.27946,3.569
592,3.569,4854306,-0.049633333,3.5125,0.111,55.509998,2.29651,3.567
593,3.567,22490562,-0.0579,3.5209,0.059,54.93,2.29651,3.569
594,3.569,7997306,-0.065233333,3.5293,0.097,54.919998,2.27575,3.56
595,3.56,5513903,-0.071833333,3.5395,0.079,56.27,2.31356,3.58
596,3.58,8400368,-0.074133333,3.5467,0.084,55.299999,2.26611,3.579
597,3.579,4541008,-0.078466667,3.5574,0.008,55.580002,2.26834,3.566
598,3.566,7801783,-0.080766667,3.5659,-0.036,55.32,2.28539,3.556
599,3.556,6730682,-0.081533333,3.5719,-0.013,54.549999,2.26537,3.466
600,3.466,8103721,-0.067166667,3.5614,-0.101,54.41,2.26093,3.372
601,3.372,12944000,-0.046266667,3.5384,-0.197,52.93,2.19124,3.331
602,3.331,10270198,-0.025233333,3.5146,-0.229,52.299999,2.14084,3.264
603,3.264,12967345,-0.001133333,3.4843,-0.316,51.689999,2.06523,3.258
604,3.258,12253427,0.025466667,3.4532,-0.321,51.93,2.06226,3.257
605,3.257,9254801,0.050733333,3.4229,-0.309,52.509998,2.02075,3.253
606,3.253,14671668,0.079866667,3.3902,-0.303,52.560001,1.96145,3.347
607,3.347,10731921,0.101,3.367,-0.119,53.099998,2.0756,3.271
608,3.271,15482794,0.124066667,3.3375,-0.101,53.16,2.08672,3.29
609,3.29,10260434,0.144566667,3.3109,-0.041,52.869999,2.12601,3.376
610,3.376,17228671,0.150433333,3.3019,0.112,53.68,2.21571,3.016
611,3.016,37816485,0.1699,3.2663,-0.242,52.540001,2.06819,2.961
612,2.961,24262694,0.1895,3.2293,-0.296,49.779999,1.94884,3.056
613,3.056,13555569,0.196066667,3.2085,-0.197,51.459999,1.94217,3.198
614,3.198,16126158,0.1925,3.2025,-0.149,54.43,2.0163,3.255
615,3.255,16917633,0.185933333,3.2023,-0.016,54.790001,1.99851,3.211
616,3.211,12417357,0.180233333,3.1981,-0.079,55.869999,2.01556,3.204
617,3.204,8533361,0.1856,3.1838,-0.172,55.23,2.00815,3.155
618,3.155,9613707,0.186333333,3.1722,0.139,54.150002,1.9696,3.076
619,3.076,11673717,0.193733333,3.1508,0.115,53.02,1.89028,3.106
620,3.106,9938766,0.205233333,3.1238,0.05,53.759998,1.87546,3.112
621,3.112,7931455,0.1793,3.1334,-0.086,54.560001,1.88954,3.169
622,3.169,8521695,0.145166667,3.1542,-0.086,55.619999,1.92735,3.201
623,3.201,7660782,0.118466667,3.1687,-0.01,56.110001,1.99629,3.173
624,3.173,10801719,0.107766667,3.1662,-0.031,56.240002,1.98739,3.2
625,3.2,8282008,0.101266667,3.1607,0.045,57.189999,1.94588,3.191
626,3.191,11268208,0.0903,3.1587,0.115,56.610001,1.93328,3.175
627,3.175,6792192,0.079733333,3.1558,0.069,57.150002,1.90288,3.16
628,3.16,6246875,0.0657,3.1563,0.048,56.560001,1.92512,3.118
629,3.118,9268429,0.0469,3.1605,-0.051,58.150002,1.92735,3.06
630,3.06,18437779,0.037966667,3.1559,-0.141,58.009998,1.9266,3.15
631,3.15,11721986,0.026766667,3.1597,-0.023,58.700001,1.94143,3.098
632,3.098,10885537,0.0261,3.1526,-0.102,59.110001,2.00592,3.076
633,3.076,8574895,0.032333333,3.1401,-0.115,58.84,1.96367,2.942
634,2.942,26463981,0.0449,3.117,-0.233,58.279999,1.97627,2.898
635,2.898,21956227,0.063133333,3.0868,-0.262,58.369999,1.95922,2.943
636,2.943,15854198,0.0776,3.062,-0.175,58.970001,1.96812,2.989
637,2.989,14477898,0.084266667,3.0434,-0.071,58,2.00147,2.95
638,2.95,13817487,0.094566667,3.0224,-0.2,55.669998,1.93921,2.956
639,2.956,10399765,0.099633333,3.0062,-0.142,55.029999,1.91252,2.938
640,2.938,16605668,0.097233333,2.994,-0.138,55.66,1.90511,2.971
641,2.971,11122844,0.113633333,2.9761,0.029,53.990002,1.94884,2.973
642,2.973,7332829,0.126533333,2.9636,0.075,54.299999,1.93476,3.022
643,3.022,9635342,0.1308,2.9582,0.079,54.400002,2.22386,3.02
644,3.02,6602470,0.117066667,2.966,0.031,54.32,2.22757,3.064
645,3.064,6085901,0.0941,2.9826,0.114,54.84,2.1653,3.059
646,3.059,6498903,0.077433333,2.9942,0.103,54.830002,2.14973,3.048
647,3.048,5906363,0.066333333,3.0001,0.11,55.509998,2.13046,3.058
648,3.058,11215519,0.0523,3.0109,0.087,55.490002,2.09488,2.98
649,2.98,9418494,0.0467,3.0133,0.007,54.599998,2.06374,2.992
650,2.992,8579044,0.0375,3.0187,-0.03,56.529999,2.07338,2.964
651,2.964,6481466,0.033266667,3.018,-0.056,56.700001,2.04595,2.972
652,2.972,7414348,0.0268,3.0179,-0.092,58.470001,2.03335,2.981
653,2.981,6419195,0.023566667,3.0138,-0.078,59.119999,2.10155,2.949
654,2.949,7130428,0.0232,3.0067,-0.099,59.389999,2.09636,2.94
655,2.94,6447397,0.026933333,2.9943,-0.118,58.209999,2.0504,2.933
656,2.933,6502233,0.030933333,2.9817,-0.047,62,2.07709,2.913
657,2.913,5111605,0.0357,2.9682,-0.079,61.310001,2.07486,2.907
658,2.907,9400531,0.042366667,2.9531,-0.057,62.630001,2.11267,2.927
659,2.927,12823991,0.0413,2.9478,-0.045,62.450001,2.21274,2.88
660,2.88,12805401,0.0465,2.9366,-0.101,63.009998,2.24017,2.897
661,2.897,17643137,0.044766667,2.9299,-0.052,63.48,2.29058,2.907
662,2.907,15611796,0.0449,2.9234,-0.033,63.360001,2.28984,2.91
663,2.91,9488689,0.046466667,2.9163,-0.023,63.119999,2.26834,2.925
664,2.925,8008528,0.0483,2.9139,0.012,63.400002,2.30985,2.937
665,2.937,8539466,0.0499,2.9136,0.03,63.98,2.32097,2.859
666,2.859,10521231,0.0545,2.9062,-0.068,63.669998,2.33505,2.839
667,2.839,9360723,0.0569,2.8988,-0.041,63.18,2.29502,2.791
668,2.791,8593514,0.0632,2.8872,-0.106,63.029999,2.27797,2.773
669,2.773,11386131,0.0725,2.8718,-0.134,63.09,2.22238,2.79
670,2.79,11145577,0.076566667,2.8628,-0.12,63.869999,2.22534,2.8
671,2.8,14957976,0.080566667,2.8531,-0.125,62.669998,2.22979,2.823
672,2.823,9445058,0.083966667,2.8447,-0.114,63.5,2.27279,2.861
673,2.861,9502971,0.0835,2.8398,0.002,63.07,2.35655,2.919
674,2.919,13595547,0.080733333,2.8392,0.08,63.810001,2.44625,2.996
675,2.996,16204315,0.072566667,2.8451,0.205,63.099998,2.44995,3.005
676,3.005,10099621,0.056166667,2.8597,0.232,62.59,2.43142,2.972
677,2.972,11409396,0.040333333,2.873,0.182,62.169998,2.43142,2.993
678,2.993,11566328,0.017966667,2.8932,0.193,59.080002,2.37212,2.991
679,2.991,12203455,-0.003466667,2.915,0.168,59.689999,2.40103,2.984
680,2.984,9782061,-0.023133333,2.9344,0.123,56.849998,2.40103,2.955
681,2.955,11075009,-0.038933333,2.9499,0.036,57.080002,2.36767,2.936
682,2.936,6338222,-0.051433333,2.9612,-0.06,56.349998,2.35507,2.967
683,2.967,11743896,-0.0625,2.9718,-0.038,57.48,2.40622,2.922
684,2.922,14331039,-0.0637,2.9721,-0.05,57.09,2.42846,2.83
685,2.83,16529158,-0.050766667,2.9555,-0.163,56.990002,2.4166,2.793
686,2.793,19698696,-0.034233333,2.9343,-0.198,55.779999,2.41437,2.86
687,2.86,16380349,-0.0248,2.9231,-0.124,56.139999,2.46626,2.838
688,2.838,8847859,-0.0116,2.9076,-0.117,55.900002,2.47293,2.793
689,2.793,8921517,0.003733333,2.8878,-0.143,55.560001,2.44625,2.812
690,2.812,15477472,0.018666667,2.8706,-0.155,55.75,2.36545,2.816
691,2.816,12060127,0.029866667,2.8567,-0.106,56.119999,2.4759,2.812
692,2.812,9287686,0.0391,2.8443,-0.018,55.290001,2.44773,2.836
693,2.836,12762896,0.049733333,2.8312,0.043,56.73,2.48702,2.818
694,2.818,11673767,0.056566667,2.8208,-0.042,56.220001,2.47145,2.84
695,2.84,11775013,0.052333333,2.8218,0.002,55.59,2.50777,2.851
696,2.851,8354388,0.046266667,2.8276,0.058,55.700001,2.55299,2.827
697,2.827,8569963,0.049166667,2.8243,0.015,55.740002,2.57597,2.937
698,2.937,20952395,0.044133333,2.8342,0.121,55.470001,2.53668,2.913
699,2.913,15900789,0.0368,2.8462,0.101,55.700001,2.51889,3.013
700,3.013,31544993,0.024133333,2.8663,0.177,56.34,2.50629,3.013
701,3.013,14986700,0.011533333,2.886,0.195,52.349998,2.51,2.971
702,2.971,10519302,0.000566667,2.9019,0.131,49.535,2.49072,2.915
703,2.915,11800410,-0.005533333,2.9098,0.064,48.665001,2.44328,2.865
704,2.865,15070204,-0.012033333,2.9145,0.038,48.325001,2.34395,2.855
705,2.855,10249661,-0.018233333,2.916,-0.082,48.084999,2.29651,2.825
706,2.825,10882087,-0.021633333,2.9134,-0.088,48.040001,2.2676,2.848
707,2.848,8025631,-0.027866667,2.9155,-0.165,48.105,2.36322,2.846
708,2.846,8923217,-0.023666667,2.9064,-0.167,48.415001,2.39584,2.868
709,2.868,20129775,-0.023266667,2.9019,-0.103,48.255001,2.38101,2.72
710,2.72,31133024,-0.002766667,2.8726,-0.195,47.41,2.40918,2.687
711,2.687,21656912,0.0209,2.84,-0.178,47.084999,2.40029,2.617
712,2.617,23510201,0.045666667,2.8046,-0.238,47.005001,2.4166,2.617
713,2.617,20095472,0.0638,2.7748,-0.208,46.990002,2.38694,2.605
714,2.605,17980958,0.079233333,2.7488,-0.243,46.98,2.36471,2.611
715,2.611,18012742,0.096333333,2.7244,-0.235,47.264999,2.32764,2.566
716,2.566,20059164,0.114666667,2.6985,-0.302,48.689999,2.34914,2.601
717,2.601,17233979,0.130733333,2.6738,-0.119,48.384998,2.33357,2.699
718,2.699,39171053,0.1408,2.6591,0.012,48.389999,2.34988,2.675
719,2.675,24675352,0.156166667,2.6398,0.058,48.119999,2.37212,2.685
720,2.685,16863986,0.155433333,2.6363,0.068,48.525002,2.38324,2.683
721,2.683,7551918,0.1514,2.6359,0.078,48.314999,2.38991,2.679
722,2.679,10300820,0.140766667,2.6421,0.068,49.27,2.36322,2.71
723,2.71,17186603,0.127266667,2.6514,0.144,48.950001,2.3736,2.719
724,2.719,22497623,0.112566667,2.6628,0.118,48.119999,2.40918,2.633
725,2.633,16804258,0.103466667,2.665,-0.066,47.66,2.36767,2.619
726,2.619,14868145,0.090433333,2.6703,-0.056,47.075001,2.29502,2.582
727,2.582,21221605,0.084166667,2.6684,-0.103,47.994999,2.31282,2.637
728,2.637,14869291,0.080366667,2.6622,-0.046,48.945,2.37731,2.651
729,2.651,15554360,0.074033333,2.6598,-0.028,49.474998,2.41067,2.683
730,2.683,19704322,0.063233333,2.6596,-0.027,49.235001,2.50333,2.689
731,2.689,15201260,0.051833333,2.6602,-0.03,52.310001,2.63676,2.668
732,2.668,13391857,0.042833333,2.6591,0.035,53.299999,2.65974,2.743
733,2.743,21492682,0.0338,2.6624,0.124,53.470001,2.71015,2.754
734,2.754,12695201,0.0266,2.6659,0.172,54.540001,2.70051,2.736
735,2.736,16511867,0.012333333,2.6762,0.099,54.549999,2.74869,2.756
736,2.756,17565953,-0.003666667,2.6899,0.105,54.900002,2.80058,2.797
737,2.797,13320355,-0.026866667,2.7114,0.114,55.200001,2.76871,2.812
738,2.812,13398979,-0.0455,2.7289,0.123,54.990002,2.7902,2.805
739,2.805,6957954,-0.063,2.7443,0.137,55.369999,2.79095,2.79
740,2.79,6055503,-0.071366667,2.755,0.047,54.57,2.77983,2.796
741,2.796,6145826,-0.078433333,2.7657,0.042,55.040001,2.77241,2.803
742,2.803,3631988,-0.085733333,2.7792,0.067,55.419998,2.7865,2.776
743,2.776,6476793,-0.083733333,2.7825,0.02,54.849998,2.80058,2.825
744,2.825,7076871,-0.0835,2.7896,0.028,54.98,2.78427,2.814
745,2.814,4736313,-0.084533333,2.7974,0.002,54.919998,2.79169,2.874
746,2.874,9517743,-0.086066667,2.8092,0.069,55.34,2.81467,2.862
747,2.862,12824024,-0.083866667,2.8157,0.072,55.290001,2.84877,2.834
748,2.834,14926462,-0.081566667,2.8179,0.038,55.610001,2.79317,2.84
749,2.84,10486260,-0.079566667,2.8214,0.037,55.380001,2.80651,2.857
750,2.857,8339759,-0.080533333,2.8281,0.081,55.509998,2.80206,2.845
751,2.845,9275318,-0.080033333,2.833,0.02,55.240002,2.78872,2.861
752,2.861,20512093,-0.079766667,2.8388,0.047,55.439999,2.81541,2.808
753,2.808,21578424,-0.0797,2.842,-0.066,55.84,2.78798,2.813
754,2.813,14773286,-0.075366667,2.8408,-0.049,55.310001,2.78724,2.827
755,2.827,9834437,-0.0702,2.8421,-0.007,55.32,2.80355,2.815
756,2.815,8079284,-0.057766667,2.8362,-0.025,54.880001,2.76352,2.815
757,2.815,8147379,-0.0453,2.8315,-0.042,55.040001,2.78946,2.795
758,2.795,9070988,-0.036133333,2.8276,-0.05,54.950001,2.74869,2.778
759,2.778,8878060,-0.0257,2.8214,-0.083,53.139999,2.80577,2.822
760,2.822,12249306,-0.017566667,2.8179,0.014,53,2.89102,2.768
761,2.768,12056749,-0.007233333,2.8102,-0.045,52.200001,2.84358,2.712
762,2.712,18528034,0.009133333,2.7953,-0.115,52.209999,2.91252,2.683
763,2.683,17290782,0.019633333,2.7828,-0.132,53.389999,2.91178,2.717
764,2.717,12767257,0.028,2.7732,-0.098,54.240002,3.0163,2.707
765,2.707,11479725,0.039033333,2.7612,-0.088,54.330002,3.00888,2.664
766,2.664,12237512,0.051066667,2.7461,-0.114,53.959999,3.00073,2.664
767,2.664,15580319,0.061733333,2.731,-0.158,53.759998,3.00666,2.556
768,2.556,31731362,0.0771,2.7071,-0.212,54.139999,3.04298,2.608
769,2.608,34587539,0.087533333,2.6901,-0.104,54.25,3.06003,2.635
770,2.635,22245784,0.101066667,2.6714,-0.048,53.779999,3.07412,2.59
771,2.59,16232596,0.112,2.6536,-0.127,52.950001,3.04965,2.584
772,2.584,14393440,0.1175,2.6408,-0.123,53.27,2.99776,2.61
773,2.61,12961589,0.119266667,2.6335,-0.054,52.889999,2.98442,2.64
774,2.64,18659376,0.1208,2.6258,-0.024,54.169998,3.04669,2.617
775,2.617,12664205,0.123233333,2.6168,0.061,54.459999,3.02149,2.604
776,2.604,13465723,0.120233333,2.6108,-0.004,54.860001,3.06893,2.584
777,2.584,11680967,0.118966667,2.6028,-0.051,54.689999,3.08672,2.589
778,2.589,12411589,0.1075,2.6061,-0.001,54.43,3.06893,2.626
779,2.626,14651305,0.098566667,2.6079,0.042,54.93,3.0541,2.601
780,2.601,13544705,0.093433333,2.6045,-0.009,55.130001,3.01704,2.634
781,2.634,11272167,0.082,2.6089,-0.006,55.279999,3.04965,2.619
782,2.619,8974388,0.070433333,2.6124,0.002,56.900002,3.04669,2.654
783,2.654,16126799,0.0609,2.6168,0.05,56.610001,3.01778,2.655
784,2.655,15896154,0.054133333,2.6183,0.071,56.279999,3.03335,2.694
785,2.694,23308419,0.042,2.626,0.105,56.23,2.95625,2.683
786,2.683,12266098,0.0297,2.6339,0.057,56.240002,2.96441,2.665
787,2.665,13584666,0.0166,2.642,0.064,56.810001,2.95106,2.668
788,2.668,10598296,0.004466667,2.6499,0.034,56.450001,3.06374,2.69
789,2.69,13043680,-0.004866667,2.6563,0.071,57.290001,3.07634,2.751
790,2.751,26344659,-0.022233333,2.6713,0.097,61.73,3.04002,2.746
791,2.746,11245973,-0.034166667,2.6825,0.091,60.779999,2.99999,2.741
792,2.741,9372924,-0.0454,2.6947,0.047,61.330002,2.98739,2.72
793,2.72,11099715,-0.050766667,2.7013,0.037,60.799999,3.03186,2.783
794,2.783,14794929,-0.061366667,2.7141,0.118,61.43,3.03928,2.791
795,2.791,14096486,-0.068266667,2.7238,0.123,61.709999,3.17197,2.771
796,2.771,9503599,-0.0735,2.7326,0.081,62.040001,3.1223,2.778
797,2.778,12618259,-0.081,2.7439,0.027,61.950001,3.09858,2.765
798,2.765,14413571,-0.083733333,2.7536,0.019,61.139999,3.14973,2.818
799,2.818,17141063,-0.089533333,2.7664,0.077,61.57,3.12156,2.833
800,2.833,18390287,-0.091133333,2.7746,0.113,63.389999,3.08672,2.806
801,2.806,9118809,-0.089933333,2.7806,0.023,63.240002,3.06819,2.786
802,2.786,12925606,-0.0877,2.7851,-0.005,63.200001,3.0541,2.798
803,2.798,13354640,-0.089233333,2.7929,0.027,52.400002,3.03038,2.829
804,2.829,17219374,-0.087533333,2.7975,0.051,50.400002,3.06819,2.813
805,2.813,9769449,-0.0832,2.7997,0.048,49.990002,3.1564,2.792
806,2.792,10398982,-0.079033333,2.8018,-0.026,49.220001,3.14528,2.79
807,2.79,8976809,-0.073366667,2.803,-0.043,50.139999,3.15788,2.811
808,2.811,14940321,-0.070566667,2.8076,0.005,50.75,3.16752,2.797
809,2.797,11601620,-0.062766667,2.8055,0.011,51.41,3.17716,2.823
810,2.823,14659852,-0.054366667,2.8045,0.025,52.380001,3.1438,2.827
811,2.827,12628213,-0.050033333,2.8066,-0.002,51.939999,3.10525,2.799
812,2.799,10315154,-0.045333333,2.8079,-0.014,52,3.1097,2.806
813,2.806,9317370,-0.041066667,2.8087,0.014,51.700001,3.0756,2.809
814,2.809,10912897,-0.033933333,2.8067,0.019,52.009998,3.02297,2.78
815,2.78,11621952,-0.027766667,2.8034,-0.031,52.07,3.11785,2.792
816,2.792,12326777,-0.024133333,2.8034,-0.005,54.540001,3.13861,2.785
817,2.785,13466401,-0.019633333,2.8029,-0.038,55.25,3.15714,2.79
818,2.79,11121371,-0.013466667,2.8008,-0.037,56.48,3.15343,2.785
819,2.785,10362370,-0.0091,2.7996,-0.014,56.5,3.10006,2.72
820,2.72,17062551,0.000166667,2.7893,-0.086,54.77,3.0163,2.755
821,2.755,16143311,0.007666667,2.7821,-0.054,55.549999,3.02519,2.746
822,2.746,13046307,0.013133333,2.7768,-0.034,55.860001,3.04002,2.72
823,2.72,13774098,0.021733333,2.7682,-0.072,55.209999,3.06077,2.791
824,2.791,26291390,0.0238,2.7664,0.006,55.32,3.18753,2.8
825,2.8,19242996,0.0221,2.7684,0.01,54.950001,3.32097,2.784
826,2.784,30895637,0.023333333,2.7676,-0.001,54.889999,3.32541,2.722
827,2.722,24953780,0.027766667,2.7613,0.002,55.400002,3.37286,2.655
828,2.655,35410885,0.0376,2.7478,-0.1,51.419998,3.38101,2.735
829,2.735,25780139,0.039833333,2.7428,-0.011,52.450001,3.39509,2.746
830,2.746,13993400,0.034333333,2.7454,0.026,52.150002,3.39213,2.775
831,2.775,18513131,0.0313,2.7474,-0.016,54,3.38175,2.83
832,2.83,19179415,0.024366667,2.7558,0.03,54.790001,3.42178,2.865
833,2.865,22462233,0.0121,2.7703,0.081,56.009998,3.41882,2.879
834,2.879,14979805,0.004966667,2.7791,0.157,55.5,3.42549,2.873
835,2.873,19677912,-0.000333333,2.7864,0.218,53.259998,3.38991,2.848
836,2.848,18803477,-0.004866667,2.7928,0.113,52.52,3.33505,2.987
837,2.987,42186356,-0.0248,2.8193,0.241,53,3.38768,2.917
838,2.917,22426907,-0.047466667,2.8455,0.142,52.889999,3.38175,2.955
839,2.955,20810881,-0.0642,2.8675,0.125,53.799999,3.33283,2.933
840,2.933,17317307,-0.079233333,2.8862,0.068,52.810001,3.24313,2.9
841,2.9,23418862,-0.0893,2.8987,0.021,53.259998,3.19495,2.936
842,2.936,13711783,-0.095333333,2.9093,0.063,54.650002,3.1653,3
843,3,20000351,-0.102366667,2.9228,0.152,54.900002,3.17271,2.991
844,2.991,16034692,-0.1075,2.934,0.004,53.959999,3.26685,2.979
845,2.979,13552334,-0.111466667,2.9446,0.062,53.459999,3.24684,2.972
846,2.972,8128677,-0.117866667,2.957,0.017,52.91,3.29131,3.04
847,3.04,17525683,-0.114666667,2.9623,0.107,52.639999,3.35062,3.05
848,3.05,9479860,-0.1193,2.9756,0.15,53.099998,3.30836,3.006
849,3.006,13908412,-0.117033333,2.9807,0.07,53.110001,3.28761,3.033
850,3.033,19573815,-0.1166,2.9907,0.033,52.82,3.28464,3.053
851,3.053,18491178,-0.121966667,3.006,0.062,53.150002,3.36322,3.052
852,3.052,13565914,-0.123366667,3.0176,0.073,52.75,3.35432,3.048
853,3.048,7039632,-0.117233333,3.0224,0.076,52.389999,3.30836,3.046
854,3.046,9062465,-0.114233333,3.0279,0.006,52.049999,3.28909,3.027
855,3.027,10972613,-0.111466667,3.0327,-0.023,51.360001,3.32541,3.02
856,3.02,11122091,-0.1084,3.0375,0.014,51.93,3.40399,3.022
857,3.022,11674621,-0.0966,3.0357,-0.011,52.189999,3.44847,3.002
858,3.002,11280245,-0.080233333,3.0309,-0.051,51.529999,3.37434,3.008
859,3.008,11544347,-0.071333333,3.0311,-0.044,52.049999,3.37582,3.03
860,3.03,18669509,-0.061566667,3.0308,-0.018,54.650002,3.36248,2.954
861,2.954,22621253,-0.0457,3.0209,-0.092,54.599998,3.33579,2.981
862,2.981,20091853,-0.033566667,3.0138,-0.046,55.25,3.37286,2.97
863,2.97,10769088,-0.022266667,3.006,-0.05,55.360001,3.40399,2.966
864,2.966,10908443,-0.011366667,2.998,-0.056,54.650002,3.35062,2.991
865,2.991,12331901,-0.003833333,2.9944,-0.011,54.77,3.33876,3.029
866,3.029,19486965,0.0013,2.9953,0.021,55.25,3.32764,2.926
867,2.926,30406542,0.008866667,2.9857,-0.104,55.150002,3.27945,2.903
868,2.903,18235078,0.0183,2.9758,-0.051,54.290001,3.28464,2.848
869,2.848,27054674,0.030733333,2.9598,-0.133,53.650002,3.19346,2.834
870,2.834,18905852,0.047033333,2.9402,-0.136,53.610001,3.14825,2.806
871,2.806,18471672,0.0587,2.9254,-0.16,52.549999,3.03928,2.801
872,2.801,16730277,0.0722,2.9074,-0.19,52.549999,2.9948,2.829
873,2.829,11083392,0.0806,2.8933,-0.2,54.310001,3.03112,2.811
874,2.811,9876431,0.0901,2.8778,-0.115,56.02,2.99554,2.8
875,2.8,10141725,0.103233333,2.8587,-0.103,55.290001,2.98961,2.838
876,2.838,17718110,0.117866667,2.8396,-0.01,54.610001,2.98739,2.857
877,2.857,11526173,0.118666667,2.8327,0.023,54.790001,2.96737,2.871
878,2.871,9644945,0.1159,2.8295,0.065,54.790001,2.96367,2.846
879,2.846,11114667,0.110766667,2.8293,0.045,55.02,2.96218,2.861
880,2.861,13725751,0.102333333,2.832,0.032,55.43,2.99406,2.89
881,2.89,16576833,0.0885,2.8404,0.079,55.34,2.97182,2.893
882,2.893,9480088,0.074,2.8496,0.093,55.59,3.03186,2.923
883,2.923,11458332,0.060433333,2.859,0.085,55.290001,3.08301,2.918
884,2.918,11376157,0.045466667,2.8697,0.061,54.689999,3.08375,2.951
885,2.951,10933360,0.027833333,2.8848,0.08,55.029999,3.12378,2.967
886,2.967,13753513,0.013166667,2.8977,0.121,55.040001,3.13787,2.99
887,2.99,19947961,-0.0012,2.911,0.129,55,3.09932,2.975
888,2.975,14320554,-0.0125,2.9214,0.085,44.150002,3.12601,2.954
889,2.954,17204535,-0.0251,2.9322,0.061,43.365002,3.11341,3.072
890,3.072,32246749,-0.0448,2.9533,0.149,44.709999,3.10377,3.14
891,3.14,26669982,-0.0636,2.9783,0.222,44.720001,3.13639,3.069
892,3.069,18209250,-0.078266667,2.9959,0.118,43.43,3.04743,3.064
893,3.064,15785243,-0.089233333,3.01,0.097,43.060001,3.09191,3.082
894,3.082,13004732,-0.101766667,3.0264,0.092,43.064999,3.14973,3.087
895,3.087,12598927,-0.112166667,3.04,0.112,43.360001,3.09561,3.09
896,3.09,11288277,-0.122433333,3.0523,0.136,43.174999,3.13045,3.1
897,3.1,10057934,-0.127633333,3.0633,0.028,43.645,3.1312,3.119
898,3.119,10006937,-0.134833333,3.0777,-0.021,43.665001,3.13268,3.135
899,3.135,8994706,-0.143366667,3.0958,0.066,44.32,3.07189,3.108
900,3.108,9823811,-0.137833333,3.0994,0.044,44.43,2.91326,3.101
901,3.101,8682000,-0.1241,3.0955,0.019,43.634998,2.93994,3.048
902,3.048,9754731,-0.113766667,3.0934,-0.039,43.200001,2.88287,3.082
903,3.082,5643637,-0.107133333,3.0952,-0.008,43.305,2.88361,3.086
904,3.086,6027033,-0.098366667,3.0956,-0.014,44.435001,2.81689,3.071
905,3.071,6828828,-0.087733333,3.094,-0.048,44.790001,2.81689,3.074
906,3.074,7299489,-0.078266667,3.0924,-0.061,44.48,2.79169,3.035
907,3.035,9650232,-0.065833333,3.0859,-0.073,43.740002,2.77464,2.996
908,2.996,11881146,-0.049366667,3.0736,-0.105,44.09,2.80651,3.009
909,3.009,8250982,-0.031333333,3.061,-0.039,44.634998,2.81911,2.99
910,2.99,8046282,-0.015233333,3.0492,-0.092,45.529999,2.77464,2.968
911,2.968,10115967,0.000666667,3.0359,-0.118,46.855,2.77464,2.968
912,2.968,6655213,0.011166667,3.0279,-0.103,46.5,2.76648,2.956
913,2.956,7206352,0.024866667,3.0153,-0.118,46.25,2.80206,2.945
914,2.945,9922518,0.039866667,3.0012,-0.09,44.849998,2.79613,2.957
915,2.957,8930799,0.051466667,2.9898,-0.039,44.805,2.83542,2.971
916,2.971,10697428,0.0619,2.9795,-0.038,45.395,2.87175,2.955
917,2.955,7361435,0.068733333,2.9715,-0.035,42.91,2.86656,2.972
918,2.972,9167116,0.071033333,2.9691,0.004,38.599998,2.81689,2.946
919,2.946,9317513,0.077066667,2.9628,-0.022,38.740002,2.76648,2.925
920,2.925,10248444,0.078666667,2.9563,-0.031,39.465,2.77983,2.904
921,2.904,12468509,0.0772,2.9499,-0.041,39.650002,2.77093,2.917
922,2.917,11623117,0.077233333,2.9448,-0.04,39.689999,2.68642,2.936
923,2.936,11171121,0.074966667,2.9428,-0.035,41.389999,2.71385,2.932
924,2.932,12152813,0.071266667,2.9415,-0.023,41.375,2.77983,2.965
925,2.965,12227909,0.0664,2.9423,-0.007,41.255001,2.76871,2.984
926,2.984,13202465,0.061566667,2.9436,0.038,40.875,2.74499,2.935
927,2.935,20450373,0.058066667,2.9416,0.01,40.095001,2.74128,2.966
928,2.966,8500784,0.053566667,2.941,0.062,40.305,2.70051,2.99
929,2.99,8488944,0.044333333,2.9454,0.073,40.43,2.59895,3
930,3,9859255,0.033233333,2.9529,0.064,40.334999,2.6123,2.933
931,2.933,13002225,0.024733333,2.9558,0.001,39.985001,2.58783,2.855
932,2.855,21898053,0.0245,2.9496,-0.11,39.465,2.60859,2.883
933,2.883,13374723,0.023166667,2.9443,-0.101,39.154999,2.55077,2.9
934,2.9,9811287,0.020166667,2.9411,-0.035,38.325001,2.54187,2.874
935,2.874,15030835,0.0227,2.932,-0.092,38.32,2.53446,2.853
936,2.853,12309272,0.028433333,2.9189,-0.137,38.009998,2.52408,2.905
937,2.905,15307555,0.0271,2.9159,-0.095,37.794998,2.51222,2.904
938,2.904,8117601,0.030233333,2.9097,-0.029,37.599998,2.51519,2.896
939,2.896,7133172,0.035866667,2.9003,0.041,37.040001,2.55077,2.891
940,2.891,11190171,0.043466667,2.8894,0.008,36.5,2.55818,2.922
941,2.922,11760805,0.043033333,2.8883,0.022,35.654999,2.64417,2.938
942,2.938,11631657,0.033733333,2.8966,0.064,36.174999,2.6286,2.945
943,2.945,7391136,0.027166667,2.9028,0.092,36.205002,2.62341,2.957
944,2.957,8120578,0.021866667,2.9085,0.052,34.985001,2.58339,2.984
945,2.984,14557469,0.011766667,2.9195,0.08,34.02,2.54854,2.955
946,2.955,10819587,0.001033333,2.9297,0.059,32.994999,2.50777,2.963
947,2.963,10511465,-0.0045,2.9355,0.072,32.105,2.5137,2.944
948,2.944,7422065,-0.009433333,2.9395,0.022,32,2.5441,2.952
949,2.952,9634350,-0.014833333,2.9451,0.014,31.885,2.56485,2.952
950,2.952,6527355,-0.020033333,2.9512,0.007,31.155001,2.5693,2.98
951,2.98,12715242,-0.0233,2.957,0.023,31.9,2.55077,2.961
952,2.961,9966602,-0.024133333,2.9593,-0.023,32.615002,2.57968,3.015
953,3.015,17822961,-0.0285,2.9663,0.06,32.235001,2.55077,2.987
954,2.987,10940589,-0.029666667,2.9693,0.024,31.705,2.55151,2.964
955,2.964,9104331,-0.0277,2.9673,0.02,31.469999,2.55447,2.986
956,2.986,17933821,-0.030733333,2.9704,0.034,32.145,2.44254,2.953
957,2.953,15473681,-0.029133333,2.9694,0.001,34.810001,2.36248,2.95
958,2.95,12254519,-0.030266667,2.97,-0.03,33.875,2.3825,2.964
959,2.964,11852073,-0.032333333,2.9712,0.003,33.98,2.40103,2.983
960,2.983,13683575,-0.036,2.9743,-0.032,35.384998,2.39213,2.986
961,2.986,13086956,-0.034833333,2.9749,-0.001,34.419998,2.39584,2.97
962,2.97,9430178,-0.0319,2.9758,0.006,33.395,1.8547,2.959
963,2.959,10841450,-0.023766667,2.9702,-0.027,34.205002,1.79614,2.958
964,2.958,10318961,-0.018933333,2.9673,0.005,33.459999,1.76056,2.953
965,2.953,11069835,-0.0152,2.9662,0.003,35.189999,1.74944,2.95
966,2.95,14750588,-0.008366667,2.9626,-0.014,34.154999,1.58042,2.945
967,2.945,9668801,-0.006233333,2.9618,-0.038,32.669998,1.52705,2.95
968,2.95,11778745,-0.0047,2.9618,-0.036,32.259998,1.51964,2.995
969,2.995,16118267,-0.0045,2.9649,0.025,32.014999,1.31949,3.007
970,3.007,16904069,-0.003033333,2.9673,0.048,32.77,1.42475,2.991
971,2.991,9616553,-0.001233333,2.9678,0.033,33.400002,1.36486,2.96
972,2.96,21989180,0.0005,2.9668,0.007,32.244999,1.20088,2.999
973,2.999,11908845,-0.0017,2.9708,0.049,31.945,1.2633,2.968
974,2.968,11285504,-0.002333333,2.9718,0.023,32.945,1.22905,2.995
975,2.995,13429154,-0.006166667,2.976,0.045,33.200001,1.12068,3.001
976,3.001,7803536,-0.009733333,2.9811,0.006,33.389999,1.16382,2.981
977,2.981,6920550,-0.012733333,2.9847,-0.026,32.84,1.10867,3.002
978,3.002,10239009,-0.016,2.9899,0.011,31.799999,1.09384,3.025
979,3.025,12161293,-0.016566667,2.9929,0.065,32.650002,1.05811,3.052
980,3.052,13218607,-0.017733333,2.9974,0.053,31.68,1.04225,3.082
981,3.082,24300638,-0.023433333,3.0065,0.114,31.915001,0.98354,3.053
982,3.053,13225705,-0.029666667,3.0158,0.058,31.68,0.98784,3.043
983,3.043,15269908,-0.033133333,3.0202,0.042,31.51,1.0335,3.038
984,3.038,12645468,-0.038433333,3.0272,0.057,31.889999,1.10793,3.044
985,3.044,8635978,-0.040666667,3.0321,0.042,32.525002,1.11045,2.993
986,2.993,37984289,-0.039633333,3.0313,-0.032,32.41,1.1149,2.924
987,2.924,22989835,-0.0349,3.0256,-0.128,32.465,1.08628,2.926
988,2.926,20853556,-0.0281,3.018,-0.156,33.889999,1.20682,2.941
989,2.941,15407986,-0.020466667,3.0096,-0.112,45.605,1.30896,2.898
990,2.898,13035935,-0.0079,2.9942,-0.145,47,1.20444,2.882
991,2.882,14115502,0.008633333,2.9742,-0.156,46.900002,1.20385,2.925
992,2.925,26014104,0.019933333,2.9614,-0.119,46.834999,1.20859,2.93
993,2.93,10761292,0.030266667,2.9501,-0.063,49.465,1.21245,2.94
994,2.94,10000031,0.039466667,2.9403,0.016,49.349998,1.22031,2.906
995,2.906,9486653,0.0517,2.9265,-0.02,49.494999,1.24536,2.921
996,2.921,10018832,0.057933333,2.9193,-0.02,49.5,1.26404,2.909
997,2.909,5091098,0.058233333,2.9178,0.011,49.330002,1.26982,2.91
998,2.91,4783985,0.0585,2.9162,0.028,49.400002,1.28687,2.913
999,2.913,5092725,0.058566667,2.9134,-0.012,49.400002,1.28524,2.908
1000,2.908,6228366,0.054266667,2.9144,-0.022,49.5,1.29666,2.907
1001,2.907,7874055,0.048966667,2.9169,-0.033,49.59,1.3358,2.871
1002,2.871,16397174,0.0514,2.9115,-0.035,49.5,1.4381,2.904
1003,2.904,15392919,0.050833333,2.9089,-0.017,49.599998,1.42446,2.907
1004,2.907,12854885,0.0521,2.9056,-0.002,49.5,1.42564,2.92
1005,2.92,11218985,0.0482,2.907,0.01,49.490002,1.40044,2.9
1006,2.9,12024230,0.046933333,2.9049,-0.013,49.549999,1.54781,2.85
1007,2.85,14868922,0.048466667,2.899,-0.058,49.580002,1.43572,2.833
1008,2.833,13458281,0.050533333,2.8913,-0.074,49.639999,1.33936,2.845
1009,2.845,9560093,0.051333333,2.8845,-0.026,49.599998,1.36397,2.842
1010,2.842,8808935,0.050933333,2.8779,-0.062,49.75,1.33432,2.867
1011,2.867,9984036,0.047766667,2.8739,-0.04,49.549999,1.33076,2.847
1012,2.847,8888001,0.0433,2.8715,-0.073,49.630001,1.27027,2.819
1013,2.819,15336174,0.044333333,2.863,-0.081,49.619999,1.32661,2.831
1014,2.831,11026466,0.045033333,2.8554,-0.019,49.549999,1.33135,2.868
1015,2.868,12770479,0.044366667,2.8502,0.035,49.57,1.35092,2.885
1016,2.885,11472082,0.042266667,2.8487,0.04,49.509998,1.41082,2.862
1017,2.862,9290240,0.039,2.8499,0.02,49.599998,1.37257,2.859
1018,2.859,10273575,0.034166667,2.8525,-0.008,49.599998,1.34054,2.885
1019,2.885,8761861,0.0283,2.8565,0.038,49.619999,1.34766,2.86
1020,2.86,8451068,0.025233333,2.8583,0.041,49.57,1.32839,2.845
1021,2.845,10566066,0.0262,2.8561,0.014,49.630001,1.2851,2.82
1022,2.82,20117452,0.0254,2.8534,-0.048,49.77,1.28332,2.817
1023,2.817,15606216,0.021833333,2.8532,-0.068,49.669998,1.28391,2.781
1024,2.781,14745715,0.021533333,2.8482,-0.081,49.689999,1.26434,2.691
1025,2.691,19665586,0.032066667,2.8305,-0.168,49.84,1.24329,2.591
1026,2.591,28548185,0.050466667,2.8011,-0.294,49.459999,1.20978,2.66
1027,2.66,22937592,0.062366667,2.7809,-0.2,49.810001,1.23973,2.612
1028,2.612,18523181,0.077133333,2.7562,-0.233,49.57,1.20504,2.532
1029,2.532,19595674,0.099733333,2.7209,-0.288,49.549999,1.16204,2.586
1030,2.586,16649106,0.1164,2.6935,-0.231,49.52,1.15611,2.57
1031,2.57,11686792,0.132666667,2.666,-0.211,49.560001,1.11401,2.587
1032,2.587,14379560,0.1465,2.6427,-0.104,49.549999,1.16886,2.56
1033,2.56,13832160,0.160733333,2.617,-0.031,49.66,1.20237,2.591
1034,2.591,11066235,0.1692,2.598,-0.069,49.5,1.21245,2.59
1035,2.59,7200676,0.1683,2.5879,-0.022,49.599998,1.17865,2.595
1036,2.595,7917812,0.157733333,2.5883,0.063,49.439999,1.16234,2.587
1037,2.587,9723233,0.156266667,2.581,0.001,49.48,1.13565,2.589
1038,2.589,11231438,0.150433333,2.5787,0.019,49.400002,1.12616,2.633
1039,2.633,10252928,0.133266667,2.5888,0.046,49.400002,1.13002,2.639
1040,2.639,12358279,0.1212,2.5941,0.079,49.349998,1.15611,2.591
1041,2.591,15233584,0.1099,2.5962,0,49.439999,1.14929,2.57
1042,2.57,14256815,0.102366667,2.5945,-0.02,49.360001,1.16916,2.556
1043,2.556,14442712,0.094,2.5941,-0.039,49.490002,1.12261,2.49
1044,2.49,17357320,0.092733333,2.584,-0.097,49.740002,1.12083,2.503
1045,2.503,15468783,0.089266667,2.5753,-0.086,49.82,1.12409,2.542
1046,2.542,12523066,0.083133333,2.57,-0.091,49.810001,1.17123,2.509
1047,2.509,14025582,0.079166667,2.5622,-0.13,49.709999,1.15048,2.538
1048,2.538,15184288,0.073566667,2.5571,-0.053,49.5,1.17776,2.552
1049,2.552,8520225,0.070566667,2.549,-0.018,49.540001,1.16619,2.552
1050,2.552,8436730,0.069,2.5403,-0.004,49.5,1.16827,2.532
1051,2.532,10346937,0.064466667,2.5344,0.042,49.59,1.18013,2.517
1052,2.517,10379285,0.059666667,2.5291,0.014,49.450001,1.19703,2.489
1053,2.489,11288072,0.055433333,2.5224,-0.053,49.380001,1.19644,2.543
1054,2.543,21570076,0.0422,2.5277,0.034,49.150002,1.22905,2.513
1055,2.513,9280558,0.035266667,2.5287,-0.025,49.349998,1.15878,2.467
1056,2.467,13350271,0.038633333,2.5212,-0.085,49.400002,1.09859,2.437
1057,2.437,14184572,0.0384,2.514,-0.115,49.43,1.09028,2.414
1058,2.414,15389836,0.0442,2.5016,-0.118,49.599998,1.07071,2.426
1059,2.426,14890130,0.053266667,2.489,-0.091,49.389999,1.06182,2.387
1060,2.387,10165658,0.063133333,2.4725,-0.102,49.25,1.02653,2.42
1061,2.42,14225852,0.069333333,2.4613,-0.123,49.349998,1.012,2.46
1062,2.46,15531047,0.0708,2.4556,-0.053,49.599998,1.00133,2.437
1063,2.437,14994997,0.0719,2.4504,-0.03,49.650002,0.99303,2.4
1064,2.4,15699265,0.079833333,2.4361,-0.037,49.650002,0.98324,2.396
1065,2.396,15870010,0.085066667,2.4244,-0.018,49.639999,0.97109,2.411
1066,2.411,24642435,0.084533333,2.4188,-0.015,49.57,1.0037,2.432
1067,2.432,18571907,0.079866667,2.4183,0.045,49.66,1.03751,2.464
1068,2.464,14172839,0.0707,2.4233,0.044,49.740002,1.04195,2.432
1069,2.432,19320493,0.0634,2.4239,-0.028,49.650002,1.06597,2.46
1070,2.46,16308119,0.050133333,2.4312,0.023,49.75,1.07931,2.477
1071,2.477,17312573,0.040633333,2.4369,0.077,49.799999,1.11252,2.481
1072,2.481,11062561,0.035566667,2.439,0.085,49.849998,1.12498,2.501
1073,2.501,12565852,0.027333333,2.4454,0.09,49.950001,1.18576,2.521
1074,2.521,13572181,0.016266667,2.4575,0.089,49.880001,1.21275,2.474
1075,2.474,21004209,0.0075,2.4653,0.01,50,1.18369,2.473
1076,2.473,11557969,-0.001,2.4715,0.041,49.950001,1.20859,2.419
1077,2.419,18614986,-0.0027,2.4702,-0.041,49.98,1.22965,2.453
1078,2.453,13055764,-0.004433333,2.4691,-0.024,49.91,1.25278,2.443
1079,2.443,11120960,-0.009166667,2.4702,-0.038,49.990002,1.22935,2.49
1080,2.49,20644953,-0.014233333,2.4732,-0.011,49.959999,1.22461,2.599
1081,2.599,37540902,-0.0242,2.4854,0.078,49.799999,1.22639,2.546
1082,2.546,20804545,-0.029733333,2.4919,0.072,49.75,1.15611,2.577
1083,2.577,16930274,-0.0344,2.4995,0.104,49.880001,1.17687,2.574
1084,2.574,17659917,-0.038666667,2.5048,0.155,49.970001,1.18813,2.551
1085,2.551,9512235,-0.0451,2.5125,0.098,49.98,1.13802,2.542
1086,2.542,13001292,-0.0495,2.5194,0.099,49.830002,1.15166,2.543
1087,2.543,4513404,-0.058366667,2.5318,0.053,49.91,1.12972,2.594
1088,2.594,16349037,-0.066466667,2.5459,-0.005,49.810001,1.13476,2.596
1089,2.596,13595982,-0.0761,2.5612,0.05,49.849998,1.09859,2.573
1090,2.573,8994783,-0.0782,2.5695,-0.004,49.75,1.12676,2.536
1091,2.536,13053506,-0.068033333,2.5632,-0.038,49.75,1.14425,2.507
1092,2.507,14133522,-0.062566667,2.5593,-0.044,49.799999,1.1653,2.447
1093,2.447,21299528,-0.049233333,2.5463,-0.095,49.82,1.16174,2.427
1094,2.427,18233021,-0.033633333,2.5316,-0.116,49.82,1.1659,2.455
1095,2.455,16007444,-0.022066667,2.522,-0.139,49.779999,1.31,2.42
1096,2.42,9650435,-0.009566667,2.5098,-0.176,49.889999,1.26315,2.42
1097,2.42,7272482,0.002333333,2.4975,-0.153,49.880001,1.17153,2.424
1098,2.424,21232545,0.018,2.4805,-0.112,49.959999,2.42,2.408
1099,2.408,13722215,0.036,2.4617,-0.099,50.080002,3.15,2.371
1100,2.371,16021290,0.053233333,2.4415,-0.076,50.139999,3.107,2.351
1101,2.351,15062608,0.067533333,2.423,-0.076,50.18,3.019,2.351
1102,2.351,5097843,0.0788,2.4074,-0.104,50.18,3.16,2.331
1103,2.331,15436023,0.084733333,2.3958,-0.089,50.139999,2.999,2.324
1104,2.324,13977455,0.088466667,2.3855,-0.096,50.200001,3.065,2.327
1105,2.327,17829729,0.096366667,2.3727,-0.097,50.139999,3.03,2.346
1106,2.346,14163707,0.099533333,2.3653,-0.062,50.060001,3.082,2.369
1107,2.369,9633035,0.102966667,2.3602,-0.002,50.060001,3.186,2.363
1108,2.363,14895570,0.106066667,2.3541,0.012,50.080002,3.195,2.365
1109,2.365,12813711,0.107766667,2.3498,0.014,50,3.247,2.415
1110,2.415,23814319,0.100866667,2.3542,0.084,50.060001,3.194,2.389
1111,2.389,16198276,0.090066667,2.358,0.065,50.080002,3.295,2.419
1112,2.419,15963679,0.079033333,2.3648,0.092,50.02,3.318,2.432
1113,2.432,14312258,0.0641,2.3749,0.086,50.02,3.356,2.397
1114,2.397,13264804,0.0509,2.3822,0.028,49.98,3.38,2.411
1115,2.411,14723299,0.037833333,2.3906,0.048,49.98,3.38,2.397
1116,2.397,39070415,0.0279,2.3957,0.032,50.080002,3.37,2.382
1117,2.382,10038238,0.021233333,2.397,-0.033,50.139999,3.346,2.385
1118,2.385,12350508,0.012066667,2.3992,-0.004,50.060001,3.333,2.385
1119,2.385,13591320,0.003033333,2.4012,-0.034,50.099998,3.476,2.376
1120,2.376,10685911,0.000366667,2.3973,-0.056,50.18,3.422,2.424
1121,2.424,13636352,-0.006866667,2.4008,0.027,50.040001,3.526,2.397
1122,2.397,8147657,-0.008333333,2.3986,-0.014,50.139999,3.5,2.347
1123,2.347,14362821,-0.003166667,2.3901,-0.05,50.040001,3.453,2.374
1124,2.374,13646498,-0.002633333,2.3878,-0.008,50.060001,3.39,2.335
1125,2.335,12869461,0.000966667,2.3802,-0.05,50.080002,3.372,2.33
1126,2.33,16697379,0.004666667,2.3735,-0.055,49.82,3.49,2.304
1127,2.304,15573792,0.0086,2.3657,-0.072,49.84,3.377,2.367
1128,2.367,15278424,0.0085,2.3639,-0.057,49.950001,3.35,2.403
1129,2.403,14542461,0.006533333,2.3657,0.006,50.040001,3.174,2.414
1130,2.414,17755875,0.004166667,2.3695,0.067,49.880001,3.166,2.459
1131,2.459,18964987,0.004266667,2.373,0.085,49.98,3.284,2.472
1132,2.472,13080585,0.0008,2.3805,0.137,50.060001,3.32,2.475
1133,2.475,10752768,-0.0072,2.3933,0.145,50.119999,3.236,2.46
1134,2.46,19309519,-0.011266667,2.4019,0.156,50.220001,3.195,2.483
1135,2.483,12493725,-0.020866667,2.4167,0.116,50.139999,3.209,2.464
1136,2.464,8674056,-0.030333333,2.4301,0.061,50.220001,3.167,2.46
1137,2.46,7604835,-0.0429,2.4457,0.046,50.299999,3.144,2.411
1138,2.411,14989044,-0.0457,2.4501,-0.048,50.040001,3.093,2.412
1139,2.412,11641370,-0.045033333,2.451,-0.06,49.919998,3.079,2.435
1140,2.435,12296085,-0.046466667,2.4531,-0.04,49.700001,2.973,2.486
1141,2.486,20972592,-0.045933333,2.4558,0.026,49.880001,2.998,2.48
1142,2.48,9598754,-0.0447,2.4566,-0.003,49.740002,3,2.456
1143,2.456,14160914,-0.042,2.4547,-0.008,49.73,2.986,2.456
1144,2.456,9500605,-0.039633333,2.4543,-0.004,49.799999,2.838,2.534
1145,2.534,29102840,-0.040633333,2.4594,0.123,49.799999,2.798,2.555
1146,2.555,17264503,-0.044466667,2.4685,0.143,49.830002,2.878,2.504
1147,2.504,12830646,-0.0448,2.4729,0.069,49.849998,2.764,2.475
1148,2.475,17077574,-0.0482,2.4793,-0.011,49.880001,2.852,2.456
1149,2.456,15216327,-0.050233333,2.4837,-0.024,49.950001,2.878,2.429
1150,2.429,18776037,-0.047866667,2.4831,-0.027,50,2.409,2.438
1151,2.438,16275482,-0.0426,2.4783,-0.018,49.900002,2.367,2.455
1152,2.455,10054785,-0.038166667,2.4758,-0.079,49.849998,2.39,2.469
1153,2.469,9688306,-0.0354,2.4771,-0.086,49.810001,2.431,2.44
1154,2.44,13655037,-0.0316,2.4755,-0.064,49.860001,2.413,2.421
1155,2.421,14612505,-0.017433333,2.4642,-0.054,49.740002,2.462,2.364
1156,2.364,13669662,0.0028,2.4451,-0.092,49.939999,2.454,2.357
1157,2.357,7260910,0.019266667,2.4304,-0.072,49.759998,2.472,2.349
1158,2.349,9312305,0.031266667,2.4178,-0.089,49.860001,2.401,2.322
1159,2.322,13704418,0.041966667,2.4044,-0.133,49.98,2.336,2.329
1160,2.329,16921035,0.049133333,2.3944,-0.14,49.790001,2.396,2.292
1161,2.292,12913616,0.058166667,2.3798,-0.148,49.799999,2.36,2.264
1162,2.264,17421338,0.070333333,2.3607,-0.157,49.77,2.445,2.278
1163,2.278,11882115,0.082866667,2.3416,-0.086,49.799999,2.476,2.264
1164,2.264,16938024,0.093933333,2.324,-0.093,49.700001,2.655,2.25
1165,2.25,14812131,0.103266667,2.3069,-0.099,49.599998,2.676,2.234
1166,2.234,11754284,0.1086,2.2939,-0.088,49.580002,2.74,2.24
1167,2.24,6045819,0.112966667,2.2822,-0.089,49.509998,2.822,2.226
1168,2.226,16391252,0.1191,2.2699,-0.066,49.549999,2.782,2.231
1169,2.231,11109615,0.122166667,2.2608,-0.033,49.580002,2.774,2.2
1170,2.2,30231650,0.127233333,2.2479,-0.078,49.52,2.64,2.201
1171,2.201,18718132,0.126833333,2.2388,-0.063,50.02,2.592,2.198
1172,2.198,8757160,0.124033333,2.2322,-0.052,49.66,2.481,2.185
1173,2.185,18069762,0.1243,2.2229,-0.049,49.77,2.468,2.188
1174,2.188,18978590,0.122966667,2.2153,-0.052,49.91,2.394,2.19
1175,2.19,14913907,0.1175,2.2093,-0.036,50.299999,2.229,2.209
1176,2.209,18681055,0.108466667,2.2068,-0.022,50.360001,2.215,2.243
1177,2.243,13808749,0.099466667,2.2071,0.043,50.34,2.085,2.226
1178,2.226,14620617,0.091166667,2.2071,0.025,50.259998,2.151,2.237
1179,2.237,14130471,0.083266667,2.2077,0.039,50.220001,2.076,2.249
1180,2.249,14322598,0.072366667,2.2126,0.064,50.220001,2.135,2.275
1181,2.275,20084744,0.059533333,2.22,0.087,50.220001,2.149,2.266
1182,2.266,14034861,0.046433333,2.2268,0.076,50.34,2.104,2.29
1183,2.29,13472879,0.029966667,2.2373,0.081,50.139999,2.112,2.274
1184,2.274,13395475,0.015833333,2.2459,0.031,50.099998,2.118,2.317
1185,2.317,14195510,-0.000333333,2.2586,0.091,50.080002,2.229,2.336
1186,2.336,25219183,-0.013966667,2.2713,0.099,50.139999,2.285,2.294
1187,2.294,13209694,-0.021166667,2.2764,0.045,50.200001,2.282,2.31
1188,2.31,10991918,-0.030866667,2.2848,0.035,50.259998,2.245,2.31
1189,2.31,12230190,-0.038566667,2.2921,0.044,50.200001,2.285,2.339
1190,2.339,12997263,-0.047233333,2.3011,0.049,50.099998,2.383,2.272
1191,2.272,18638558,-0.0476,2.3008,-0.002,50.200001,2.323,2.287
1192,2.287,11252583,-0.048933333,2.3029,-0.03,50.060001,2.294,2.25
1193,2.25,11902493,-0.045866667,2.2989,-0.086,50.16,2.34,2.27
1194,2.27,8902399,-0.045266667,2.2985,-0.024,50.099998,2.379,2.264
1195,2.264,10681874,-0.0395,2.2932,-0.046,50.200001,2.442,2.268
1196,2.268,9792215,-0.031566667,2.2864,-0.042,50.220001,2.446,2.259
1197,2.259,11313688,-0.027433333,2.2829,-0.08,50.16,2.367,2.256
1198,2.256,9828424,-0.021033333,2.2775,-0.016,50.060001,2.326,2.319
1199,2.319,25230637,-0.019,2.2784,0.032,50.080002,2.434,2.321
1200,2.321,20371409,-0.013166667,2.2766,0.071,49.900002,2.308,2.228
1201,2.228,26375790,-0.007866667,2.2722,-0.042,50.099998,2.344,2.301
1202,2.301,16277775,-0.005833333,2.2736,0.037,50.099998,2.363,2.325
1203,2.325,16468893,-0.008666667,2.2811,0.057,50.099998,2.447,2.372
1204,2.372,19905836,-0.012733333,2.2913,0.113,50.279999,2.327,2.384
1205,2.384,19829308,-0.018266667,2.3033,0.128,50.380001,2.365,2.405
1206,2.405,15789701,-0.025433333,2.317,0.086,50.360001,2.319,2.374
1207,2.374,11993255,-0.032566667,2.3285,0.053,50.439999,2.282,2.331
1208,2.331,14082101,-0.036566667,2.336,0.103,50.259998,2.14,2.386
1209,2.386,22382419,-0.0383,2.3427,0.085,50.259998,2.106,2.359
1210,2.359,16999912,-0.038433333,2.3465,0.034,50.240002,2.05,2.287
1211,2.287,17829964,-0.043933333,2.3524,-0.085,50.299999,2.017,2.308
1212,2.308,12330898,-0.043233333,2.3531,-0.076,50.299999,2.061,2.314
1213,2.314,10737717,-0.041333333,2.352,-0.091,50.299999,2.076,2.336
1214,2.336,17165111,-0.035666667,2.3484,-0.038,50.360001,2.107,2.364
1215,2.364,14686748,-0.0321,2.3464,0.033,50.400002,2.072,2.336
1216,2.336,12516978,-0.0252,2.3395,-0.05,50.459999,2.137,2.371
1217,2.371,14153265,-0.022333333,2.3392,0.012,50.540001,2.143,2.369
1218,2.369,15922306,-0.024166667,2.343,0.082,50.5,2.174,2.39
1219,2.39,11415701,-0.0219,2.3434,0.082,50.5,2.32,2.386
1220,2.386,7641919,-0.023033333,2.3461,0.072,50.540001,2.307,2.385
1221,2.385,7851457,-0.029066667,2.3559,0.049,50.5,2.224,2.377
1222,2.377,6508896,-0.032966667,2.3628,0.013,50.66,2.13,2.41
1223,2.41,12704894,-0.037233333,2.3724,0.074,50.779999,2.144,2.434
1224,2.434,13878620,-0.041566667,2.3822,0.063,50.720001,2.168,2.4
1225,2.4,17273989,-0.040633333,2.3858,0.031,50.740002,2.158,2.4
1226,2.4,10907591,-0.042633333,2.3922,0.01,50.580002,2.112,2.408
1227,2.408,9090419,-0.041366667,2.3959,0.022,50.599998,2.069,2.36
1228,2.36,19785340,-0.037,2.395,-0.025,50.560001,1.99,2.39
1229,2.39,14381895,-0.034633333,2.395,0.013,50.619999,2.02,2.341
1230,2.341,15117326,-0.029466667,2.3905,-0.069,50.560001,1.78,2.383
1231,2.383,9587955,-0.0241,2.3903,-0.051,50.580002,1.557,2.52
1232,2.52,34573855,-0.0311,2.4046,0.12,50.599998,1.643,2.504
1233,2.504,23085149,-0.034533333,2.414,0.104,50.639999,1.7,2.551
1234,2.551,28628138,-0.040266667,2.4257,0.143,50.560001,1.8495,2.537
1235,2.537,14575180,-0.048866667,2.4394,0.177,50.599998,1.85,2.613
1236,2.613,31603706,-0.063233333,2.4607,0.223,50.560001,2.139,2.621
1237,2.621,18946266,-0.0763,2.482,0.28,50.599998,2.168,2.651
1238,2.651,20100702,-0.094733333,2.5111,0.268,50.560001,2.236,2.652
1239,2.652,14810604,-0.112066667,2.5373,0.132,50.599998,2.249,2.58
1240,2.58,26695611,-0.1286,2.5612,0.076,50.5,2.12,2.627
1241,2.627,18743715,-0.141666667,2.5856,0.076,50.599998,2.112,2.567
1242,2.567,12115008,-0.137733333,2.5903,0.03,50.52,1.9445,2.588
1243,2.588,19344365,-0.137,2.5987,-0.025,50.759998,1.987,2.642
1244,2.642,18151798,-0.1359,2.6078,0.021,50.779999,2.069,2.564
1245,2.564,23426019,-0.131933333,2.6105,-0.087,50.779999,2.038,2.624
1246,2.624,16764138,-0.123433333,2.6116,-0.028,50.740002,2.029,2.62
1247,2.62,11888884,-0.115033333,2.6115,0.04,50.720001,1.993,2.596
1248,2.596,20221271,-0.101966667,2.606,-0.031,50.700001,1.969,2.605
1249,2.605,14363720,-0.0901,2.6013,0.038,50.700001,1.998,2.547
1250,2.547,21572333,-0.081433333,2.598,-0.041,50.619999,1.8965,2.55
1251,2.55,27788276,-0.068233333,2.5903,-0.092,50.48,1.805,2.518
1252,2.518,2691267,-0.058633333,2.5854,-0.046,50.580002,1.679,2.482
1253,2.482,15326092,-0.045633333,2.5748,-0.142,50.68,1.6065,2.524
1254,2.524,11540667,-0.030833333,2.563,-0.096,50.619999,1.72,2.56
1255,2.56,3598292,-0.0251,2.5626,-0.036,50.66,1.699,2.545
1256,2.545,8738009,-0.012366667,2.5547,-0.06,50.759998,1.694,2.569
1257,2.569,16535304,-0.0019,2.5496,0.022,50.700001,1.6675,2.583
1258,2.583,15652725,0.006833333,2.5483,0.033,50.720001,1.8405,2.552
1259,2.552,12176347,0.017533333,2.543,0.034,50.720001,1.852,2.503
1260,2.503,20492610,0.027333333,2.5386,0.021,50.740002,1.8465,2.491
1261,2.491,15605765,0.036833333,2.5327,-0.033,50.720001,1.8285,2.496
1262,2.496,16429003,0.038233333,2.5305,-0.064,50.68,1.914,2.507
1263,2.507,11208648,0.035833333,2.533,-0.038,50.68,1.9115,2.472
1264,2.472,11574857,0.0384,2.5278,-0.097,50.68,1.7575,2.473
1265,2.473,14198900,0.044966667,2.5191,-0.11,50.700001,1.729,2.47
1266,2.47,13640391,0.0477,2.5116,-0.082,50.68,1.6985,2.498
1267,2.498,14307907,0.0507,2.5045,-0.005,50.68,1.6865,2.525
1268,2.525,15998977,0.0523,2.4987,0.034,50.700001,1.7365,2.491
1269,2.491,9370983,0.053033333,2.4926,-0.005,50.700001,1.7385,2.495
1270,2.495,13081915,0.051,2.4918,-0.012,50.68,1.7135,2.489
1271,2.489,13964101,0.0466,2.4916,0.017,50.639999,1.73,2.477
1272,2.477,11753978,0.0455,2.4897,0.004,50.700001,1.78,2.521
1273,2.521,22602252,0.041866667,2.4911,0.051,50.599998,1.795,2.546
1274,2.546,24812809,0.031266667,2.4985,0.048,50.599998,1.802,2.508
1275,2.508,19108530,0.0259,2.502,-0.017,50.619999,1.7925,2.529
1276,2.529,42062722,0.016833333,2.5079,0.038,50.619999,1.843,2.687